date,n1,n2,n3,n4,n5,n6
2018-01-01,10,11,14,32,39,45
2018-01-01,15,16,23,26,35,47
2018-01-02,1,2,32,34,39,42
2018-01-02,9,18,27,40,46,47
2018-01-03,6,7,18,21,34,35
2018-01-03,13,20,30,32,41,49
2018-01-04,9,12,19,23,24,39
2018-01-04,15,23,41,42,48,49
2018-01-05,3,9,10,12,40,49
2018-01-05,30,31,40,42,43,49
2018-01-06,4,6,12,19,29,41
2018-01-06,4,7,8,15,21,41
2018-01-07,3,5,15,45,46,47
2018-01-07,3,22,31,32,37,41
2018-01-08,3,14,16,29,36,47
2018-01-08,8,13,22,25,38,45
2018-01-09,6,19,24,25,26,42
2018-01-09,12,19,36,37,39,42
2018-01-10,5,20,22,37,43,47
2018-01-10,24,36,41,43,47,48
2018-01-11,4,5,6,25,26,31
2018-01-11,11,33,38,42,43,48
2018-01-12,4,5,18,26,43,48
2018-01-12,18,25,29,36,37,44
2018-01-13,3,6,11,12,40,47
2018-01-13,5,14,21,25,34,41
2018-01-14,2,6,16,28,39,40
2018-01-14,6,10,13,21,39,45
2018-01-15,1,2,15,27,34,40
2018-01-15,5,24,39,41,46,47
2018-01-16,7,9,39,43,47,48
2018-01-16,11,14,25,35,41,45
2018-01-17,3,4,5,17,42,43
2018-01-17,18,28,33,38,43,45
2018-01-18,4,8,10,14,29,34
2018-01-18,12,17,30,31,48,49
2018-01-19,7,10,15,17,25,27
2018-01-19,8,20,24,36,45,47
2018-01-20,2,17,36,39,42,46
2018-01-20,8,15,23,25,45,48
2018-01-21,5,11,21,24,34,41
2018-01-21,7,19,23,25,30,49
2018-01-22,4,12,17,18,25,49
2018-01-22,7,11,16,24,39,41
2018-01-23,4,5,7,32,34,45
2018-01-23,8,24,31,37,38,45
2018-01-24,10,11,16,20,26,37
2018-01-24,13,36,38,43,45,47
2018-01-25,9,11,20,24,44,45
2018-01-25,21,25,31,32,36,45
2018-01-26,3,19,22,32,39,46
2018-01-26,9,12,14,35,37,39
2018-01-27,7,12,17,22,27,49
2018-01-27,8,12,25,31,33,34
2018-01-28,8,22,28,34,45,48
2018-01-28,11,20,31,34,44,48
2018-01-29,4,26,27,28,38,43
2018-01-29,9,22,33,38,45,47
2018-01-30,1,3,27,40,45,48
2018-01-30,9,10,12,14,20,35
2018-01-31,4,9,16,27,38,44
2018-01-31,18,27,39,42,46,47
2018-02-01,3,19,20,27,28,45
2018-02-01,15,25,28,29,37,45
2018-02-02,2,8,22,26,34,41
2018-02-02,2,29,30,33,42,47
2018-02-03,1,3,21,31,44,48
2018-02-03,10,15,27,34,38,42
2018-02-04,2,3,11,18,33,34
2018-02-04,3,18,19,37,44,48
2018-02-05,4,18,23,36,41,49
2018-02-05,20,27,29,39,40,47
2018-02-06,6,14,21,25,28,33
2018-02-06,8,27,28,29,31,48
2018-02-07,2,5,30,31,40,41
2018-02-07,21,27,28,30,37,40
2018-02-08,1,12,37,39,42,47
2018-02-08,10,22,23,30,32,47
2018-02-09,4,5,10,14,16,41
2018-02-09,4,22,31,35,37,39
2018-02-10,4,18,26,31,45,49
2018-02-10,20,21,25,32,45,48
2018-02-11,7,9,14,29,33,37
2018-02-11,10,12,16,23,25,38
2018-02-12,9,21,23,26,31,34
2018-02-12,14,17,19,25,39,43
2018-02-13,1,17,18,21,24,44
2018-02-13,5,7,17,20,24,47
2018-02-14,1,8,14,19,35,47
2018-02-14,10,23,33,42,48,49
2018-02-15,5,18,37,38,48,49
2018-02-15,11,13,16,18,22,46
2018-02-16,1,4,14,26,30,42
2018-02-16,12,13,27,41,43,44
2018-02-17,4,15,16,37,40,46
2018-02-17,5,6,23,25,39,48
2018-02-18,4,22,24,41,42,45
2018-02-18,18,19,24,37,40,45
2018-02-19,3,17,18,24,26,29
2018-02-19,3,18,29,37,40,48
2018-02-20,4,7,8,21,33,47
2018-02-20,12,23,27,34,45,46
2018-02-21,1,17,35,43,44,45
2018-02-21,7,15,21,22,37,44
2018-02-22,1,10,17,31,41,49
2018-02-22,19,23,24,28,42,47
2018-02-23,1,5,6,25,33,45
2018-02-23,10,12,15,19,31,43
2018-02-24,4,19,22,35,37,46
2018-02-24,18,30,32,36,38,42
2018-02-25,1,10,16,28,38,44
2018-02-25,8,10,14,37,38,41
2018-02-26,14,15,27,35,40,42
2018-02-26,14,19,20,27,32,48
2018-02-27,5,9,10,11,35,44
2018-02-27,6,7,11,21,35,46
2018-02-28,1,12,22,37,40,41
2018-02-28,3,17,22,36,38,45
2018-03-01,7,22,23,30,41,49
2018-03-01,19,23,26,32,35,42
2018-03-02,7,13,25,29,37,41
2018-03-02,8,11,24,39,46,48
2018-03-03,1,3,7,40,41,49
2018-03-03,3,18,30,32,33,43
2018-03-04,14,17,27,37,39,41
2018-03-04,25,27,29,37,46,49
2018-03-05,7,10,22,24,26,36
2018-03-05,14,15,20,25,32,48
2018-03-06,1,6,10,15,27,37
2018-03-06,14,17,26,46,48,49
2018-03-07,1,2,5,9,40,49
2018-03-07,4,9,12,19,31,42
2018-03-08,3,8,17,22,26,44
2018-03-08,5,13,15,19,40,46
2018-03-09,2,18,21,22,28,38
2018-03-09,7,10,19,23,33,43
2018-03-10,6,8,30,39,40,43
2018-03-10,7,11,14,24,46,47
2018-03-11,2,5,28,34,45,49
2018-03-11,5,16,18,23,30,44
2018-03-12,3,9,18,30,36,48
2018-03-12,12,16,26,28,32,49
2018-03-13,4,15,20,26,35,48
2018-03-13,7,14,23,35,36,44
2018-03-14,2,5,15,29,39,42
2018-03-14,4,17,32,36,37,42
2018-03-15,3,29,34,40,45,49
2018-03-15,18,22,30,33,35,40
2018-03-16,8,10,17,23,31,38
2018-03-16,10,11,16,17,31,35
2018-03-17,6,27,29,32,45,47
2018-03-17,15,26,27,33,38,39
2018-03-18,5,10,17,28,31,35
2018-03-18,8,12,27,28,29,36
2018-03-19,5,7,20,32,39,49
2018-03-19,5,12,21,24,28,41
2018-03-20,4,7,15,24,27,42
2018-03-20,17,26,27,39,46,47
2018-03-21,3,4,16,19,30,48
2018-03-21,9,10,35,38,42,45
2018-03-22,7,10,19,29,30,43
2018-03-22,9,11,19,25,35,48
2018-03-23,3,11,22,36,37,42
2018-03-23,5,10,20,23,26,42
2018-03-24,2,6,11,25,33,48
2018-03-24,2,18,22,33,39,47
2018-03-25,13,15,19,31,33,44
2018-03-25,22,28,30,36,43,45
2018-03-26,4,5,17,30,37,40
2018-03-26,4,10,15,44,47,48
2018-03-27,1,23,28,34,42,43
2018-03-27,2,7,10,16,36,43
2018-03-28,12,15,18,19,20,31
2018-03-28,14,20,23,37,38,47
2018-03-29,12,22,25,28,37,47
2018-03-29,13,22,24,29,36,46
2018-03-30,1,16,17,27,30,48
2018-03-30,11,18,19,24,29,41
2018-03-31,1,4,8,12,16,24
2018-03-31,5,31,43,44,48,49
2018-04-01,2,12,15,17,20,28
2018-04-01,10,29,40,42,46,48
2018-04-02,4,13,32,33,34,48
2018-04-02,7,30,32,34,48,49
2018-04-03,3,8,20,26,42,47
2018-04-03,4,28,33,40,43,49
2018-04-04,2,14,15,24,34,47
2018-04-04,25,26,31,38,39,47
2018-04-05,2,3,16,18,28,33
2018-04-05,18,21,25,36,39,45
2018-04-06,2,13,23,37,43,48
2018-04-06,5,9,29,30,31,41
2018-04-07,2,6,36,37,44,48
2018-04-07,6,8,17,20,42,47
2018-04-08,2,3,13,23,34,48
2018-04-08,10,22,24,32,47,49
2018-04-09,2,7,12,15,19,37
2018-04-09,8,10,19,21,23,41
2018-04-10,6,8,9,20,32,39
2018-04-10,11,21,25,30,46,49
2018-04-11,2,11,15,31,35,36
2018-04-11,5,9,14,17,23,33
2018-04-12,1,15,18,24,25,36
2018-04-12,3,8,29,30,34,36
2018-04-13,4,13,19,30,31,48
2018-04-13,8,12,20,21,29,40
2018-04-14,1,3,13,19,33,42
2018-04-14,3,12,17,18,25,40
2018-04-15,5,11,15,21,27,37
2018-04-15,9,22,23,24,41,45
2018-04-16,2,9,12,19,24,45
2018-04-16,8,10,14,18,26,31
2018-04-17,8,22,23,24,27,45
2018-04-17,11,20,35,36,37,44
2018-04-18,12,20,23,25,40,47
2018-04-18,14,15,22,25,41,43
2018-04-19,8,14,30,31,33,38
2018-04-19,23,27,28,32,34,39
2018-04-20,3,4,11,12,20,35
2018-04-20,4,22,29,31,36,40
2018-04-21,8,18,33,40,43,45
2018-04-21,13,17,25,29,40,44
2018-04-22,6,10,13,30,31,49
2018-04-22,7,18,20,28,29,42
2018-04-23,1,5,26,38,40,42
2018-04-23,9,14,24,33,43,49
2018-04-24,2,9,13,16,17,24
2018-04-24,3,7,12,14,18,21
2018-04-25,8,23,24,31,35,40
2018-04-25,9,32,43,44,45,46
2018-04-26,4,8,18,23,37,48
2018-04-26,14,20,24,27,29,34
2018-04-27,1,16,24,30,47,49
2018-04-27,7,13,16,34,42,44
2018-04-28,1,3,12,13,15,18
2018-04-28,1,5,19,34,41,44
2018-04-29,1,4,21,36,38,44
2018-04-29,1,5,10,12,15,22
2018-04-30,1,7,20,32,33,47
2018-04-30,15,18,28,31,32,49
2018-05-01,3,12,19,20,44,49
2018-05-01,5,12,14,20,21,29
2018-05-02,1,21,22,31,37,41
2018-05-02,2,15,18,28,39,42
2018-05-03,4,8,28,37,38,47
2018-05-03,16,28,35,40,41,47
2018-05-04,1,18,42,47,48,49
2018-05-04,2,18,19,37,45,49
2018-05-05,5,8,13,20,23,26
2018-05-05,6,7,17,20,39,49
2018-05-06,3,23,28,30,43,47
2018-05-06,12,14,16,28,32,33
2018-05-07,4,9,29,31,36,43
2018-05-07,18,30,36,37,39,42
2018-05-08,2,18,35,36,39,40
2018-05-08,5,8,17,30,34,49
2018-05-09,5,13,20,23,31,49
2018-05-09,13,23,28,35,37,39
2018-05-10,3,4,14,23,27,42
2018-05-10,26,27,28,30,41,48
2018-05-11,9,12,22,33,39,47
2018-05-11,15,32,35,42,44,48
2018-05-12,4,6,17,27,32,44
2018-05-12,8,10,11,29,37,44
2018-05-13,5,8,16,24,29,41
2018-05-13,8,12,29,30,32,49
2018-05-14,3,9,27,28,32,37
2018-05-14,20,24,33,37,44,45
2018-05-15,3,15,16,21,36,45
2018-05-15,4,5,26,28,31,44
2018-05-16,4,11,12,16,23,28
2018-05-16,23,24,30,33,41,43
2018-05-17,1,9,15,16,34,36
2018-05-17,5,6,21,25,30,32
2018-05-18,5,15,16,27,33,38
2018-05-18,14,22,25,34,38,48
2018-05-19,5,7,32,39,42,46
2018-05-19,10,14,25,27,45,47
2018-05-20,3,8,24,37,41,47
2018-05-20,22,37,38,42,44,45
2018-05-21,3,6,8,28,42,44
2018-05-21,11,16,20,22,27,47
2018-05-22,1,10,16,21,24,31
2018-05-22,15,25,31,32,35,44
2018-05-23,2,11,18,26,30,36
2018-05-23,4,10,14,23,37,41
2018-05-24,10,15,22,37,41,49
2018-05-24,22,32,35,43,44,49
2018-05-25,1,2,19,25,43,47
2018-05-25,1,7,17,21,26,33
2018-05-26,9,10,23,24,28,40
2018-05-26,13,16,22,25,26,29
2018-05-27,8,29,31,32,36,37
2018-05-27,13,17,34,39,40,49
2018-05-28,1,4,7,9,21,45
2018-05-28,1,5,27,30,33,41
2018-05-29,1,17,30,32,35,43
2018-05-29,2,6,19,34,45,48
2018-05-30,7,9,10,35,38,49
2018-05-30,11,13,14,15,29,40
2018-05-31,1,5,9,41,42,43
2018-05-31,3,7,16,33,40,48
2018-06-01,1,7,15,34,39,43
2018-06-01,20,22,38,40,44,49
2018-06-02,7,19,26,34,37,38
2018-06-02,13,14,23,31,39,40
2018-06-03,5,7,14,20,22,43
2018-06-03,9,25,33,41,45,47
2018-06-04,1,6,14,17,24,25
2018-06-04,3,11,22,23,45,46
2018-06-05,6,8,18,19,30,42
2018-06-05,6,29,30,35,39,44
2018-06-06,4,14,23,33,35,44
2018-06-06,8,25,26,27,28,42
2018-06-07,2,20,24,26,29,37
2018-06-07,7,36,37,38,44,45
2018-06-08,1,3,4,21,33,34
2018-06-08,16,21,37,38,43,44
2018-06-09,14,16,20,26,39,41
2018-06-09,14,23,24,32,34,35
2018-06-10,4,9,10,32,39,40
2018-06-10,4,19,25,27,30,32
2018-06-11,1,4,6,7,18,38
2018-06-11,1,14,34,39,44,48
2018-06-12,3,6,8,11,31,40
2018-06-12,8,19,24,25,41,44
2018-06-13,6,33,35,38,44,46
2018-06-13,12,14,21,40,41,44
2018-06-14,3,7,26,40,46,47
2018-06-14,6,8,11,23,24,35
2018-06-15,2,6,29,31,36,47
2018-06-15,28,36,38,39,40,47
2018-06-16,2,16,33,36,44,46
2018-06-16,3,9,12,19,29,30
2018-06-17,3,4,8,31,33,41
2018-06-17,5,9,18,23,26,38
2018-06-18,10,18,22,26,31,46
2018-06-18,25,29,30,35,40,44
2018-06-19,1,10,13,14,21,28
2018-06-19,16,22,25,29,31,43
2018-06-20,10,16,23,30,35,47
2018-06-20,21,22,25,35,44,49
2018-06-21,3,5,19,33,35,46
2018-06-21,4,30,31,33,40,48
2018-06-22,3,15,22,27,32,39
2018-06-22,7,15,17,21,35,48
2018-06-23,5,7,17,24,31,32
2018-06-23,6,32,39,40,41,43
2018-06-24,1,2,6,10,27,32
2018-06-24,22,24,36,37,40,49
2018-06-25,6,14,17,18,45,49
2018-06-25,15,17,20,27,38,39
2018-06-26,2,19,39,42,44,45
2018-06-26,9,11,14,15,33,39
2018-06-27,3,15,32,34,36,49
2018-06-27,5,20,28,37,45,48
2018-06-28,2,19,20,25,36,37
2018-06-28,15,27,31,34,42,46
2018-06-29,2,28,32,34,40,41
2018-06-29,10,30,31,34,47,49
2018-06-30,4,11,16,29,46,49
2018-06-30,5,16,18,30,47,48
2018-07-01,4,34,44,45,46,48
2018-07-01,5,6,18,22,24,25
2018-07-02,1,2,8,9,13,40
2018-07-02,5,9,38,39,44,45
2018-07-03,1,12,22,24,28,31
2018-07-03,3,12,29,36,45,47
2018-07-04,8,15,26,35,48,49
2018-07-04,8,20,25,31,32,49
2018-07-05,7,12,13,18,32,44
2018-07-05,11,14,20,37,41,46
2018-07-06,1,18,23,24,26,46
2018-07-06,2,12,27,37,42,49
2018-07-07,12,27,35,38,43,46
2018-07-07,22,23,26,30,32,41
2018-07-08,8,9,21,24,30,33
2018-07-08,15,16,31,37,39,40
2018-07-09,1,9,18,26,34,46
2018-07-09,2,3,11,15,16,41
2018-07-10,2,5,10,11,24,27
2018-07-10,24,28,31,35,37,41
2018-07-11,1,23,27,31,43,46
2018-07-11,2,14,23,32,40,49
2018-07-12,5,19,20,33,34,48
2018-07-12,13,19,24,36,41,48
2018-07-13,5,7,13,26,36,45
2018-07-13,8,12,14,24,29,37
2018-07-14,3,16,17,20,22,42
2018-07-14,11,16,19,30,34,48
2018-07-15,2,13,17,22,25,34
2018-07-15,10,12,15,17,35,47
2018-07-16,1,9,13,22,44,46
2018-07-16,2,7,15,28,34,46
2018-07-17,2,4,5,6,39,40
2018-07-17,12,16,20,21,25,29
2018-07-18,2,3,13,33,35,42
2018-07-18,4,31,38,39,41,48
2018-07-19,3,14,28,35,42,43
2018-07-19,4,7,13,17,24,36
2018-07-20,3,11,19,22,32,34
2018-07-20,19,32,34,36,44,45
2018-07-21,1,6,15,16,29,38
2018-07-21,2,15,25,28,30,44
2018-07-22,1,6,8,12,28,31
2018-07-22,7,23,25,36,37,43
2018-07-23,4,25,32,34,36,46
2018-07-23,15,16,24,30,42,45
2018-07-24,11,18,21,34,38,42
2018-07-24,12,15,17,33,39,40
2018-07-25,4,6,18,26,28,39
2018-07-25,8,11,16,25,28,45
2018-07-26,1,9,11,35,40,49
2018-07-26,8,27,28,29,33,48
2018-07-27,6,8,19,25,27,39
2018-07-27,13,16,25,33,43,48
2018-07-28,9,12,15,16,41,46
2018-07-28,10,21,23,28,33,39
2018-07-29,1,8,15,24,36,46
2018-07-29,26,36,39,44,47,49
2018-07-30,1,2,30,36,47,48
2018-07-30,14,21,30,40,41,42
2018-07-31,3,4,30,31,33,45
2018-07-31,14,29,37,41,43,48
2018-08-01,2,10,19,27,31,39
2018-08-01,4,13,19,26,46,48
2018-08-02,2,10,18,23,38,45
2018-08-02,13,14,34,38,45,47
2018-08-03,7,8,10,19,38,41
2018-08-03,12,17,25,38,47,48
2018-08-04,1,4,5,7,15,23
2018-08-04,14,34,35,38,44,48
2018-08-05,8,20,25,29,37,48
2018-08-05,20,26,29,44,47,49
2018-08-06,1,18,21,22,27,38
2018-08-06,3,5,19,41,42,44
2018-08-07,1,10,21,38,39,49
2018-08-07,2,5,16,18,29,31
2018-08-08,6,8,23,24,44,49
2018-08-08,6,20,25,29,34,47
2018-08-09,2,9,11,15,20,37
2018-08-09,4,10,18,37,40,44
2018-08-10,10,11,12,16,25,36
2018-08-10,22,26,29,30,32,41
2018-08-11,3,7,11,13,27,41
2018-08-11,8,9,14,18,27,39
2018-08-12,6,10,22,28,29,42
2018-08-12,10,11,14,18,29,46
2018-08-13,3,5,20,24,29,33
2018-08-13,6,10,27,37,40,49
2018-08-14,2,8,11,21,30,44
2018-08-14,14,16,21,23,32,42
2018-08-15,6,11,17,31,43,49
2018-08-15,9,10,18,22,45,49
2018-08-16,2,15,20,24,39,41
2018-08-16,16,25,36,37,39,41
2018-08-17,3,26,33,35,36,41
2018-08-17,9,10,13,26,38,39
2018-08-18,12,18,23,28,34,47
2018-08-18,14,19,25,28,34,47
2018-08-19,2,7,12,16,31,36
2018-08-19,3,17,29,34,46,47
2018-08-20,12,13,14,15,26,41
2018-08-20,13,14,36,38,41,48
2018-08-21,4,16,24,25,38,41
2018-08-21,6,12,13,15,39,40
2018-08-22,2,22,27,35,37,45
2018-08-22,3,12,18,19,42,44
2018-08-23,1,14,16,18,25,34
2018-08-23,2,6,8,22,25,46
2018-08-24,1,14,31,43,44,46
2018-08-24,2,10,16,17,39,45
2018-08-25,5,8,9,34,41,46
2018-08-25,16,23,36,40,42,46
2018-08-26,7,12,17,34,39,43
2018-08-26,16,17,22,27,35,48
2018-08-27,10,13,17,22,43,46
2018-08-27,11,22,28,38,47,49
2018-08-28,1,5,10,16,27,37
2018-08-28,17,26,41,43,46,47
2018-08-29,7,8,28,31,44,46
2018-08-29,8,24,30,32,35,39
2018-08-30,7,11,21,29,32,49
2018-08-30,8,11,22,28,31,35
2018-08-31,1,6,18,22,36,39
2018-08-31,6,18,27,29,32,44
2018-09-01,2,7,16,18,21,23
2018-09-01,13,14,30,31,32,34
2018-09-02,2,16,22,23,34,43
2018-09-02,7,10,11,14,40,44
2018-09-03,2,8,18,28,43,46
2018-09-03,6,27,28,37,38,44
2018-09-04,4,11,14,23,33,34
2018-09-04,6,7,11,21,40,41
2018-09-05,1,3,7,10,28,29
2018-09-05,8,20,21,25,40,42
2018-09-06,4,19,29,37,39,47
2018-09-06,6,9,26,41,46,48
2018-09-07,2,17,22,38,39,45
2018-09-07,5,8,11,14,27,47
2018-09-08,2,11,12,20,30,40
2018-09-08,7,8,17,20,26,48
2018-09-09,8,23,24,29,30,47
2018-09-09,16,23,32,33,34,39
2018-09-10,4,17,27,29,41,46
2018-09-10,15,20,28,29,31,37
2018-09-11,3,14,20,23,42,43
2018-09-11,7,11,17,22,33,41
2018-09-12,2,5,19,23,30,40
2018-09-12,7,17,23,29,44,47
2018-09-13,2,4,8,26,40,44
2018-09-13,9,13,19,20,39,42
2018-09-14,10,15,25,28,45,47
2018-09-14,14,32,33,45,47,49
2018-09-15,3,7,14,15,47,49
2018-09-15,13,20,27,29,42,49
2018-09-16,2,14,15,19,34,35
2018-09-16,3,4,24,30,33,39
2018-09-17,2,3,4,12,32,43
2018-09-17,6,12,14,27,42,46
2018-09-18,1,4,6,24,26,39
2018-09-18,11,15,16,17,29,43
2018-09-19,3,4,13,17,31,35
2018-09-19,4,20,23,28,35,36
2018-09-20,2,17,18,33,38,43
2018-09-20,4,7,22,25,42,43
2018-09-21,3,13,14,15,20,36
2018-09-21,10,12,13,23,38,43
2018-09-22,1,5,21,28,32,47
2018-09-22,1,13,19,35,40,47
2018-09-23,3,11,13,15,26,38
2018-09-23,5,10,13,19,20,44
2018-09-24,6,8,21,47,48,49
2018-09-24,15,26,29,30,33,46
2018-09-25,1,21,34,36,40,49
2018-09-25,7,8,17,21,29,44
2018-09-26,12,26,27,32,41,44
2018-09-26,14,23,27,31,41,44
2018-09-27,6,8,14,29,31,38
2018-09-27,15,30,40,41,45,48
2018-09-28,1,13,20,25,34,43
2018-09-28,4,14,25,40,42,48
2018-09-29,3,12,17,35,36,49
2018-09-29,9,14,24,42,44,45
2018-09-30,1,15,21,45,46,47
2018-09-30,16,30,32,33,38,49
2018-10-01,1,11,24,36,37,41
2018-10-01,9,10,17,28,30,41
2018-10-02,11,16,18,19,28,33
2018-10-02,12,15,32,33,36,41
2018-10-03,9,14,16,22,23,29
2018-10-03,9,18,35,39,40,43
2018-10-04,2,4,10,18,35,46
2018-10-04,8,10,15,19,38,45
2018-10-05,5,7,8,34,37,40
2018-10-05,11,16,22,39,40,41
2018-10-06,6,14,22,26,30,36
2018-10-06,18,23,31,38,39,48
2018-10-07,1,5,9,16,22,37
2018-10-07,4,19,29,30,32,33
2018-10-08,2,25,37,42,44,46
2018-10-08,3,6,11,15,22,29
2018-10-09,5,15,17,26,41,48
2018-10-09,10,14,41,43,44,47
2018-10-10,5,16,23,25,31,49
2018-10-10,7,12,17,21,23,25
2018-10-11,7,9,18,34,48,49
2018-10-11,11,20,24,27,38,42
2018-10-12,3,15,27,31,39,43
2018-10-12,12,18,22,28,32,42
2018-10-13,5,15,27,29,38,48
2018-10-13,26,31,33,35,36,46
2018-10-14,5,10,13,19,38,47
2018-10-14,11,13,14,32,34,40
2018-10-15,4,10,13,19,40,41
2018-10-15,5,9,23,27,42,44
2018-10-16,3,8,20,23,24,49
2018-10-16,7,17,26,32,47,49
2018-10-17,4,7,8,19,38,49
2018-10-17,12,15,23,25,26,44
2018-10-18,10,15,24,32,35,48
2018-10-18,11,12,25,26,31,45
2018-10-19,2,19,21,23,30,37
2018-10-19,16,20,30,33,44,46
2018-10-20,10,19,27,36,41,49
2018-10-20,11,17,19,27,34,43
2018-10-21,11,19,21,24,31,45
2018-10-21,15,24,33,37,38,39
2018-10-22,7,20,21,32,35,49
2018-10-22,26,28,30,39,42,49
2018-10-23,6,23,28,41,46,49
2018-10-23,9,11,16,31,36,43
2018-10-24,3,24,31,33,34,49
2018-10-24,14,19,30,34,39,43
2018-10-25,2,5,7,19,42,43
2018-10-25,4,5,7,31,36,41
2018-10-26,1,7,26,33,36,40
2018-10-26,11,20,27,37,41,47
2018-10-27,2,16,32,38,42,48
2018-10-27,9,17,18,20,36,37
2018-10-28,1,12,27,34,42,44
2018-10-28,3,7,11,22,37,40
2018-10-29,2,6,18,30,35,42
2018-10-29,3,15,29,36,47,48
2018-10-30,2,14,18,28,41,47
2018-10-30,8,15,18,26,33,44
2018-10-31,3,5,41,43,45,48
2018-10-31,3,9,10,29,33,37
2018-11-01,3,6,11,19,41,46
2018-11-01,9,10,18,28,30,43
2018-11-02,6,12,20,23,26,37
2018-11-02,14,15,31,34,36,46
2018-11-03,9,22,33,35,43,49
2018-11-03,19,31,34,35,43,49
2018-11-04,4,16,17,26,29,42
2018-11-04,16,19,23,26,40,49
2018-11-05,4,15,21,31,42,48
2018-11-05,6,11,27,31,37,46
2018-11-06,6,11,13,15,19,42
2018-11-06,12,15,16,35,42,48
2018-11-07,5,11,15,25,28,47
2018-11-07,11,12,13,22,29,33
2018-11-08,9,23,36,38,39,40
2018-11-08,10,11,14,18,37,44
2018-11-09,2,5,23,24,29,49
2018-11-09,4,8,14,29,45,46
2018-11-10,4,10,15,25,27,40
2018-11-10,5,7,11,27,45,49
2018-11-11,18,20,36,38,45,48
2018-11-11,18,26,29,33,39,46
2018-11-12,1,6,18,19,27,35
2018-11-12,2,21,26,27,29,42
2018-11-13,6,9,12,21,28,45
2018-11-13,21,27,30,31,37,45
2018-11-14,2,7,28,36,43,45
2018-11-14,5,11,17,23,24,41
2018-11-15,3,7,18,20,24,44
2018-11-15,6,28,37,39,42,48
2018-11-16,1,8,19,41,46,49
2018-11-16,3,6,13,19,38,46
2018-11-17,2,14,21,40,42,46
2018-11-17,8,15,21,24,42,49
2018-11-18,2,6,14,18,22,26
2018-11-18,5,13,26,27,38,42
2018-11-19,1,12,19,31,36,42
2018-11-19,1,20,21,32,36,44
2018-11-20,2,9,10,21,42,48
2018-11-20,3,4,14,32,35,46
2018-11-21,1,9,12,27,28,49
2018-11-21,8,11,24,36,40,49
2018-11-22,4,11,15,18,23,32
2018-11-22,12,20,23,25,26,29
2018-11-23,2,3,15,26,29,33
2018-11-23,5,6,22,27,32,48
2018-11-24,4,9,13,26,44,46
2018-11-24,9,11,14,17,31,36
2018-11-25,4,12,19,32,38,48
2018-11-25,9,19,20,25,32,47
2018-11-26,2,5,11,13,17,41
2018-11-26,3,11,18,26,35,42
2018-11-27,4,9,12,36,42,44
2018-11-27,5,13,36,37,38,41
2018-11-28,2,3,9,16,24,37
2018-11-28,2,26,30,32,33,49
2018-11-29,2,4,5,7,11,18
2018-11-29,7,14,17,26,38,47
2018-11-30,1,22,24,38,39,48
2018-11-30,3,7,26,28,36,45
2018-12-01,1,12,14,26,37,42
2018-12-01,4,10,17,25,37,46
2018-12-02,5,7,14,19,28,40
2018-12-02,5,12,16,18,35,38
2018-12-03,1,19,23,34,36,37
2018-12-03,9,27,33,35,39,45
2018-12-04,6,13,15,16,46,48
2018-12-04,7,12,31,32,38,42
2018-12-05,1,6,27,28,33,41
2018-12-05,5,11,14,17,20,43
2018-12-06,3,5,15,33,42,49
2018-12-06,5,10,11,15,18,39
2018-12-07,1,8,23,34,38,42
2018-12-07,14,22,25,31,39,45
2018-12-08,3,9,19,26,46,48
2018-12-08,11,17,18,20,27,47
2018-12-09,1,13,25,29,36,41
2018-12-09,2,8,12,20,29,40
2018-12-10,1,6,21,23,30,37
2018-12-10,3,8,15,26,43,46
2018-12-11,2,3,12,33,38,39
2018-12-11,2,9,17,19,32,37
2018-12-12,3,5,27,29,32,38
2018-12-12,11,27,29,41,42,48
2018-12-13,14,31,36,37,39,48
2018-12-13,16,23,26,34,36,46
2018-12-14,3,5,10,24,33,48
2018-12-14,4,8,12,17,21,28
2018-12-15,6,14,18,26,27,49
2018-12-15,12,13,19,23,35,44
2018-12-16,6,11,12,17,45,49
2018-12-16,25,26,37,45,47,48
2018-12-17,6,13,19,31,41,46
2018-12-17,21,22,29,33,35,44
2018-12-18,4,13,19,20,26,43
2018-12-18,13,15,27,29,34,48
2018-12-19,6,9,14,19,38,45
2018-12-19,14,16,25,33,35,38
2018-12-20,9,10,15,25,31,38
2018-12-20,11,20,36,38,48,49
2018-12-21,1,2,22,27,31,37
2018-12-21,11,38,40,42,44,47
2018-12-22,4,7,16,23,33,47
2018-12-22,5,12,14,15,43,45
2018-12-23,2,8,10,20,39,42
2018-12-23,9,10,13,18,27,41
2018-12-24,3,11,18,30,34,47
2018-12-24,10,16,17,30,39,48
2018-12-26,6,15,16,24,33,49
2018-12-26,7,10,18,37,46,47
2018-12-27,2,4,21,27,36,46
2018-12-27,4,14,15,19,21,44
2018-12-28,5,22,33,34,38,41
2018-12-28,15,16,24,28,36,40
2018-12-29,1,4,10,30,43,44
2018-12-29,8,16,34,36,37,43
2018-12-30,13,26,30,40,41,47
2018-12-30,21,25,32,34,42,45
2018-12-31,4,14,27,28,32,41
2018-12-31,7,20,22,30,33,48
2019-01-01,7,25,26,32,40,46
2019-01-01,8,11,16,25,29,37
2019-01-02,7,9,18,29,44,48
2019-01-02,16,21,26,45,47,48
2019-01-03,9,11,24,30,31,44
2019-01-03,17,20,26,32,41,48
2019-01-04,6,19,28,29,38,48
2019-01-04,8,17,19,32,40,42
2019-01-05,4,5,14,18,44,48
2019-01-05,4,6,13,33,43,44
2019-01-06,2,8,22,27,46,47
2019-01-06,4,6,8,12,25,32
2019-01-07,16,18,27,33,36,41
2019-01-07,20,24,30,40,44,45
2019-01-08,4,8,13,16,20,32
2019-01-08,8,17,23,38,48,49
2019-01-09,2,4,15,16,25,49
2019-01-09,7,10,13,15,22,46
2019-01-10,2,6,21,26,42,45
2019-01-10,2,13,18,27,31,44
2019-01-11,3,9,10,13,37,39
2019-01-11,13,21,28,37,38,48
2019-01-12,3,4,7,9,33,45
2019-01-12,5,16,31,33,35,49
2019-01-13,4,21,26,27,37,47
2019-01-13,10,11,12,38,39,46
2019-01-14,7,8,10,16,22,25
2019-01-14,8,18,22,40,44,46
2019-01-15,1,6,14,25,26,42
2019-01-15,5,6,14,33,35,47
2019-01-16,6,11,15,16,26,34
2019-01-16,11,16,19,26,42,47
2019-01-17,8,10,28,29,36,38
2019-01-17,15,16,25,29,32,39
2019-01-18,11,15,22,28,48,49
2019-01-18,14,27,34,40,42,47
2019-01-19,3,5,10,16,26,45
2019-01-19,3,5,26,28,30,32
2019-01-20,8,13,26,33,35,38
2019-01-20,9,33,38,41,48,49
2019-01-21,16,18,25,29,41,43
2019-01-21,23,24,30,37,44,46
2019-01-22,1,10,31,41,43,44
2019-01-22,7,30,35,36,40,42
2019-01-23,9,20,23,33,39,46
2019-01-23,13,15,25,29,39,43
2019-01-24,1,2,15,19,28,38
2019-01-24,5,22,24,27,38,48
2019-01-25,4,27,33,34,38,46
2019-01-25,6,8,17,24,41,44
2019-01-26,1,2,8,17,26,35
2019-01-26,5,12,18,26,43,48
2019-01-27,3,9,19,25,37,49
2019-01-27,3,9,22,23,37,42
2019-01-28,8,27,33,40,44,45
2019-01-28,9,20,35,39,40,48
2019-01-29,3,8,31,32,34,44
2019-01-29,6,35,39,40,44,48
2019-01-30,7,8,12,15,30,35
2019-01-30,9,10,11,21,26,44
2019-01-31,4,10,14,32,41,49
2019-01-31,13,15,21,25,28,29
2019-02-01,1,2,3,8,30,36
2019-02-01,4,9,14,38,41,47
2019-02-02,6,11,16,20,39,42
2019-02-02,17,28,29,31,33,43
2019-02-03,6,9,21,24,44,46
2019-02-03,15,26,27,29,33,48
2019-02-04,4,9,13,34,36,43
2019-02-04,9,10,35,38,45,48
2019-02-05,5,15,19,27,28,30
2019-02-05,16,17,19,26,36,40
2019-02-06,8,15,26,30,40,42
2019-02-06,25,27,39,40,44,47
2019-02-07,1,3,15,33,41,45
2019-02-07,5,8,13,27,33,47
2019-02-08,4,25,30,32,45,47
2019-02-08,6,9,17,30,39,48
2019-02-09,1,5,18,27,45,46
2019-02-09,11,13,21,31,37,47
2019-02-10,11,15,16,30,42,48
2019-02-10,14,17,27,30,41,48
2019-02-11,9,19,22,30,37,49
2019-02-11,23,25,26,30,43,47
2019-02-12,1,4,9,30,45,47
2019-02-12,11,14,19,24,41,49
2019-02-13,14,16,20,24,46,49
2019-02-13,21,29,30,37,46,49
2019-02-14,2,18,31,32,40,49
2019-02-14,7,12,33,34,44,48
2019-02-15,5,24,33,42,45,47
2019-02-15,6,7,14,16,26,36
2019-02-16,2,5,10,24,28,47
2019-02-16,18,21,22,39,43,46
2019-02-17,9,21,29,32,42,47
2019-02-17,20,25,27,31,42,43
2019-02-18,1,13,27,37,39,41
2019-02-18,23,26,29,33,34,38
2019-02-19,1,7,23,33,41,48
2019-02-19,4,7,8,23,31,40
2019-02-20,5,19,27,38,42,48
2019-02-20,9,20,27,31,40,46
2019-02-21,7,12,16,17,25,28
2019-02-21,9,11,21,28,29,35
2019-02-22,4,5,12,22,27,32
2019-02-22,9,13,16,23,24,49
2019-02-23,1,14,29,41,46,49
2019-02-23,16,22,27,36,37,44
2019-02-24,2,3,8,14,42,48
2019-02-24,5,23,29,39,40,48
2019-02-25,2,5,16,24,27,38
2019-02-25,13,24,27,38,41,45
2019-02-26,3,9,15,17,29,41
2019-02-26,3,9,15,19,35,41
2019-02-27,1,19,24,26,29,41
2019-02-27,5,9,15,24,32,39
2019-02-28,5,7,12,18,40,46
2019-02-28,14,27,29,38,43,48
2019-03-01,7,18,21,22,25,26
2019-03-01,9,16,17,20,27,47
2019-03-02,3,7,17,27,31,40
2019-03-02,4,8,15,43,47,48
2019-03-03,9,27,36,37,41,42
2019-03-03,12,16,28,31,38,43
2019-03-04,1,7,23,26,42,49
2019-03-04,13,19,38,40,45,47
2019-03-05,2,6,31,37,39,42
2019-03-05,5,8,17,19,31,35
2019-03-06,1,10,32,39,40,44
2019-03-06,3,19,32,38,39,44
2019-03-07,8,9,12,16,22,39
2019-03-07,9,13,15,37,38,40
2019-03-08,3,7,17,26,38,49
2019-03-08,10,13,24,25,30,48
2019-03-09,2,8,9,16,25,26
2019-03-09,24,35,37,42,43,49
2019-03-10,3,9,15,21,27,43
2019-03-10,15,16,19,20,40,46
2019-03-11,5,18,19,39,45,46
2019-03-11,11,15,29,40,43,47
2019-03-12,3,6,21,33,34,46
2019-03-12,17,28,29,36,42,43
2019-03-13,14,18,22,29,34,38
2019-03-13,18,25,29,34,40,44
2019-03-14,4,15,18,31,36,37
2019-03-14,5,21,26,32,38,42
2019-03-15,4,13,33,39,44,49
2019-03-15,5,20,24,29,32,44
2019-03-16,3,10,17,23,25,46
2019-03-16,24,27,37,38,45,46
2019-03-17,3,5,31,35,39,46
2019-03-17,11,23,25,33,43,49
2019-03-18,9,12,23,29,43,45
2019-03-18,10,19,30,35,36,47
2019-03-19,2,5,19,33,45,48
2019-03-19,20,21,25,26,31,45
2019-03-20,3,8,11,18,27,35
2019-03-20,10,13,22,27,37,44
2019-03-21,6,13,20,25,40,41
2019-03-21,16,17,18,34,38,46
2019-03-22,2,7,12,20,23,27
2019-03-22,8,9,27,36,40,43
2019-03-23,2,10,23,26,44,47
2019-03-23,21,24,30,38,40,44
2019-03-24,2,8,21,23,32,35
2019-03-24,20,21,26,36,42,46
2019-03-25,3,18,27,37,39,47
2019-03-25,5,17,19,30,35,36
2019-03-26,8,13,20,34,37,46
2019-03-26,10,21,28,37,39,45
2019-03-27,1,9,14,29,31,35
2019-03-27,12,17,18,27,33,41
2019-03-28,1,8,18,34,40,42
2019-03-28,4,7,9,20,45,48
2019-03-29,3,15,25,26,28,45
2019-03-29,7,35,36,39,41,49
2019-03-30,1,14,15,19,44,48
2019-03-30,19,20,23,45,47,49
2019-03-31,5,10,15,16,34,36
2019-03-31,7,8,37,41,45,49
2019-04-01,3,8,9,10,21,23
2019-04-01,21,23,35,36,43,48
2019-04-02,2,6,9,42,43,45
2019-04-02,3,4,8,36,41,46
2019-04-03,1,3,26,29,37,45
2019-04-03,2,8,14,27,29,46
2019-04-04,1,6,9,16,43,44
2019-04-04,8,16,19,24,28,37
2019-04-05,5,11,19,23,41,45
2019-04-05,9,16,28,29,32,34
2019-04-06,1,4,22,27,29,36
2019-04-06,6,11,24,25,33,34
2019-04-07,10,15,20,22,33,45
2019-04-07,26,35,36,38,40,46
2019-04-08,2,4,10,26,36,45
2019-04-08,4,11,21,29,47,49
2019-04-09,2,12,16,18,21,29
2019-04-09,12,19,26,30,33,37
2019-04-10,3,14,17,26,29,49
2019-04-10,5,16,18,31,43,48
2019-04-11,2,8,32,33,37,48
2019-04-11,3,14,21,22,29,47
2019-04-12,7,19,25,35,41,47
2019-04-12,9,15,20,26,28,49
2019-04-13,7,8,9,14,21,28
2019-04-13,13,17,23,29,38,39
2019-04-14,9,18,23,27,29,32
2019-04-14,14,18,20,27,31,47
2019-04-15,2,10,12,17,36,37
2019-04-15,7,9,10,34,40,41
2019-04-16,6,9,12,13,31,48
2019-04-16,13,18,32,44,45,47
2019-04-17,1,6,16,26,34,40
2019-04-17,10,19,27,29,37,49
2019-04-18,1,3,6,10,27,43
2019-04-18,5,15,16,35,37,46
2019-04-19,1,5,21,26,36,38
2019-04-19,2,4,25,34,38,40
2019-04-20,1,8,12,15,32,41
2019-04-20,4,11,42,43,44,47
2019-04-21,3,4,16,20,33,42
2019-04-21,4,22,28,33,36,47
2019-04-22,15,21,26,27,46,49
2019-04-22,21,35,43,45,47,48
2019-04-23,4,15,23,27,32,34
2019-04-23,7,17,23,28,34,48
2019-04-24,1,2,4,17,24,36
2019-04-24,3,6,13,16,48,49
2019-04-25,2,6,18,24,41,48
2019-04-25,2,19,20,28,34,48
2019-04-26,2,16,42,43,45,46
2019-04-26,8,9,13,26,33,40
2019-04-27,1,9,16,24,29,47
2019-04-27,3,13,14,28,45,47
2019-04-28,5,10,13,25,35,49
2019-04-28,10,17,21,33,38,41
2019-04-29,10,13,15,27,41,42
2019-04-29,17,30,36,41,46,49
2019-04-30,4,14,30,35,38,43
2019-04-30,8,23,24,29,46,49
2019-05-01,1,4,15,31,36,49
2019-05-01,12,18,19,24,34,43
2019-05-02,2,5,7,23,33,36
2019-05-02,12,17,26,31,36,45
2019-05-03,1,22,23,31,39,40
2019-05-03,19,21,25,29,35,45
2019-05-04,2,5,13,16,17,37
2019-05-04,15,18,19,26,33,49
2019-05-05,2,5,7,17,35,47
2019-05-05,16,19,29,30,31,48
2019-05-06,5,20,30,35,38,44
2019-05-06,12,13,26,29,30,33
2019-05-07,11,22,36,43,48,49
2019-05-07,24,25,36,40,41,48
2019-05-08,1,15,19,29,33,40
2019-05-08,3,9,11,28,35,47
2019-05-09,9,12,25,29,35,36
2019-05-09,10,15,18,24,34,41
2019-05-10,4,15,18,25,36,48
2019-05-10,10,16,17,23,30,34
2019-05-11,3,17,19,30,31,40
2019-05-11,11,16,24,27,32,45
2019-05-12,8,17,27,29,37,38
2019-05-12,10,13,19,30,44,47
2019-05-13,4,13,18,22,29,35
2019-05-13,9,11,24,36,40,49
2019-05-14,5,25,27,37,38,41
2019-05-14,14,21,23,27,34,36
2019-05-15,2,15,16,17,34,49
2019-05-15,2,18,21,30,39,47
2019-05-16,13,30,36,44,47,49
2019-05-16,32,35,36,44,47,48
2019-05-17,1,14,24,41,43,48
2019-05-17,11,12,19,20,28,36
2019-05-18,1,8,15,31,42,45
2019-05-18,1,15,20,40,47,48
2019-05-19,11,14,15,24,28,47
2019-05-19,11,14,18,25,28,47
2019-05-20,2,31,37,42,46,47
2019-05-20,5,19,29,34,41,46
2019-05-21,7,9,30,32,39,48
2019-05-21,10,13,32,44,45,49
2019-05-22,3,7,11,21,24,43
2019-05-22,3,14,15,16,27,34
2019-05-23,1,4,5,7,27,28
2019-05-23,19,21,25,34,40,43
2019-05-24,2,25,26,27,29,46
2019-05-24,3,4,28,33,43,48
2019-05-25,1,18,20,33,46,48
2019-05-25,2,8,15,17,37,42
2019-05-26,3,8,17,23,25,48
2019-05-26,22,23,24,26,41,49
2019-05-27,1,8,17,28,32,45
2019-05-27,5,10,19,23,31,42
2019-05-28,5,9,14,20,21,38
2019-05-28,14,19,20,26,29,32
2019-05-29,11,26,27,32,42,45
2019-05-29,12,15,17,22,35,41
2019-05-30,1,13,21,33,40,44
2019-05-30,9,16,19,30,31,37
2019-05-31,3,7,10,30,43,48
2019-05-31,6,7,13,25,37,47
2019-06-01,11,14,18,37,47,48
2019-06-01,22,33,36,43,44,45
2019-06-02,1,3,6,14,41,44
2019-06-02,4,5,23,28,33,34
2019-06-03,9,16,19,20,38,40
2019-06-03,16,19,22,38,44,47
2019-06-04,5,26,31,36,37,48
2019-06-04,6,32,36,44,46,47
2019-06-05,4,20,21,39,43,44
2019-06-05,9,20,29,32,33,39
2019-06-06,9,28,29,37,44,47
2019-06-06,12,14,16,25,27,43
2019-06-07,6,9,26,28,33,47
2019-06-07,12,32,35,36,39,41
2019-06-08,5,20,22,31,40,45
2019-06-08,10,20,26,29,34,45
2019-06-09,1,8,9,33,37,41
2019-06-09,1,13,33,35,39,46
2019-06-10,5,6,7,8,9,46
2019-06-10,10,11,23,24,31,36
2019-06-11,5,8,17,26,29,34
2019-06-11,13,15,19,27,33,44
2019-06-12,2,4,9,23,31,35
2019-06-12,5,7,17,42,43,45
2019-06-13,2,4,10,15,20,40
2019-06-13,8,18,32,39,43,48
2019-06-14,1,6,13,21,30,40
2019-06-14,11,12,14,16,36,49
2019-06-15,3,5,7,17,33,39
2019-06-15,12,22,30,37,39,48
2019-06-16,1,9,20,30,41,49
2019-06-16,11,13,18,27,29,42
2019-06-17,5,17,19,39,46,48
2019-06-17,8,10,11,33,34,44
2019-06-18,1,5,11,17,22,27
2019-06-18,3,4,5,9,10,40
2019-06-19,2,9,11,20,26,33
2019-06-19,12,13,16,22,41,47
2019-06-20,4,6,7,8,34,48
2019-06-20,21,27,28,36,43,46
2019-06-21,2,3,4,24,45,47
2019-06-21,4,8,16,25,35,43
2019-06-22,11,12,19,39,48,49
2019-06-22,13,15,29,34,40,49
2019-06-23,1,7,17,21,23,26
2019-06-23,19,22,25,29,44,47
2019-06-24,2,17,18,31,38,39
2019-06-24,5,8,21,22,23,25
2019-06-25,4,12,13,18,26,31
2019-06-25,11,15,17,22,39,47
2019-06-26,10,12,38,39,40,45
2019-06-26,17,21,36,41,46,49
2019-06-27,1,17,19,27,32,44
2019-06-27,3,5,7,24,30,35
2019-06-28,3,5,6,10,20,35
2019-06-28,6,12,16,24,29,35
2019-06-29,5,9,12,19,22,26
2019-06-29,8,13,35,36,42,49
2019-06-30,6,15,20,38,39,48
2019-06-30,7,11,16,25,26,28
2019-07-01,1,2,7,18,22,41
2019-07-01,5,13,17,27,32,46
2019-07-02,2,17,19,20,31,34
2019-07-02,3,10,20,39,41,48
2019-07-03,1,3,29,35,42,47
2019-07-03,2,15,18,21,24,40
2019-07-04,5,19,26,41,48,49
2019-07-04,17,31,33,34,35,48
2019-07-05,8,23,28,30,34,47
2019-07-05,14,18,19,28,30,48
2019-07-06,1,15,20,28,32,49
2019-07-06,7,21,28,38,45,46
2019-07-07,1,6,11,17,28,41
2019-07-07,10,12,34,42,47,48
2019-07-08,1,2,19,38,39,47
2019-07-08,18,35,37,43,46,47
2019-07-09,2,10,11,26,27,36
2019-07-09,4,8,38,41,42,47
2019-07-10,1,7,10,11,19,25
2019-07-10,2,13,14,15,26,43
2019-07-11,3,12,17,26,39,45
2019-07-11,13,18,23,24,31,36
2019-07-12,2,10,14,23,27,37
2019-07-12,16,26,30,32,45,46
2019-07-13,4,13,27,32,33,43
2019-07-13,6,8,11,24,35,43
2019-07-14,1,9,13,19,20,30
2019-07-14,13,15,19,20,23,33
2019-07-15,5,10,30,33,34,43
2019-07-15,7,13,19,25,29,48
2019-07-16,3,4,5,13,21,47
2019-07-16,6,12,14,15,24,38
2019-07-17,6,13,14,25,36,38
2019-07-17,9,33,35,38,39,41
2019-07-18,2,7,27,31,35,43
2019-07-18,2,13,31,37,44,46
2019-07-19,1,9,11,17,35,39
2019-07-19,8,12,13,15,24,31
2019-07-20,1,3,20,24,36,41
2019-07-20,1,10,20,34,35,44
2019-07-21,1,5,10,13,20,33
2019-07-21,12,14,29,31,42,47
2019-07-22,3,5,16,25,37,49
2019-07-22,22,23,24,25,29,31
2019-07-23,4,16,24,36,39,43
2019-07-23,11,20,25,42,46,49
2019-07-24,6,17,30,31,34,42
2019-07-24,14,23,27,40,43,47
2019-07-25,3,11,22,25,27,45
2019-07-25,8,21,25,35,39,40
2019-07-26,7,11,29,41,46,47
2019-07-26,19,29,31,38,39,44
2019-07-27,5,6,7,11,24,37
2019-07-27,15,16,31,38,40,47
2019-07-28,9,22,27,38,43,44
2019-07-28,20,28,30,33,46,47
2019-07-29,6,8,29,38,44,45
2019-07-29,12,18,20,25,37,45
2019-07-30,4,13,24,27,46,47
2019-07-30,14,16,27,33,39,42
2019-07-31,5,12,13,15,21,23
2019-07-31,6,14,19,33,46,49
2019-08-01,2,4,9,19,46,48
2019-08-01,10,12,15,18,27,28
2019-08-02,5,25,28,31,36,45
2019-08-02,10,16,22,30,38,47
2019-08-03,9,21,22,24,33,34
2019-08-03,19,24,33,45,46,47
2019-08-04,5,15,26,29,30,33
2019-08-04,16,21,25,32,33,34
2019-08-05,5,26,31,44,46,48
2019-08-05,14,24,29,30,37,44
2019-08-06,2,28,29,37,38,41
2019-08-06,21,26,32,38,39,42
2019-08-07,4,8,11,33,39,41
2019-08-07,7,10,11,23,25,38
2019-08-08,7,23,24,26,41,43
2019-08-08,8,10,13,21,26,43
2019-08-09,12,17,23,25,38,46
2019-08-09,20,26,31,32,45,46
2019-08-10,2,21,36,40,44,49
2019-08-10,22,24,29,38,43,45
2019-08-11,2,6,19,20,30,38
2019-08-11,5,13,30,33,37,38
2019-08-12,2,3,28,38,39,48
2019-08-12,3,5,14,29,45,47
2019-08-13,10,22,26,30,34,35
2019-08-13,30,38,39,40,45,46
2019-08-14,3,14,23,25,31,49
2019-08-14,4,23,35,36,39,41
2019-08-15,4,15,26,37,40,44
2019-08-15,17,19,20,21,28,44
2019-08-16,4,13,14,18,19,49
2019-08-16,17,20,38,41,45,49
2019-08-17,2,13,14,15,18,47
2019-08-17,11,14,18,19,40,46
2019-08-18,1,7,16,30,36,43
2019-08-18,5,17,31,32,39,44
2019-08-19,9,15,25,34,36,43
2019-08-19,10,23,25,29,33,38
2019-08-20,13,16,27,30,34,43
2019-08-20,14,33,37,39,46,48
2019-08-21,12,13,31,32,37,40
2019-08-21,12,21,29,33,41,47
2019-08-22,3,4,7,17,22,24
2019-08-22,16,23,33,36,38,46
2019-08-23,1,4,11,24,35,42
2019-08-23,17,19,31,41,44,48
2019-08-24,1,12,19,21,23,35
2019-08-24,9,11,13,15,22,35
2019-08-25,6,14,20,28,31,43
2019-08-25,13,18,21,27,33,45
2019-08-26,3,7,14,16,17,34
2019-08-26,6,8,16,21,25,32
2019-08-27,2,22,24,35,42,43
2019-08-27,10,14,15,16,39,46
2019-08-28,5,8,11,15,35,37
2019-08-28,6,9,20,34,38,47
2019-08-29,2,9,16,21,39,42
2019-08-29,11,15,18,28,35,37
2019-08-30,3,7,10,15,22,36
2019-08-30,10,22,23,30,34,47
2019-08-31,1,2,9,30,38,48
2019-08-31,3,5,15,33,35,40
2019-09-01,6,7,16,21,22,33
2019-09-01,25,30,33,40,43,47
2019-09-02,1,3,19,28,42,44
2019-09-02,25,26,27,29,39,49
2019-09-03,9,14,18,20,39,42
2019-09-03,10,21,30,33,44,47
2019-09-04,1,5,9,11,24,48
2019-09-04,2,6,8,10,40,48
2019-09-05,2,19,23,24,26,48
2019-09-05,11,12,13,36,40,46
2019-09-06,3,12,13,18,25,35
2019-09-06,20,21,33,35,44,47
2019-09-07,2,4,6,18,30,38
2019-09-07,6,10,17,21,23,49
2019-09-08,6,13,18,28,43,49
2019-09-08,6,13,31,32,41,48
2019-09-09,7,20,31,45,46,49
2019-09-09,10,12,22,34,43,46
2019-09-10,9,14,23,26,41,49
2019-09-10,10,17,23,34,46,48
2019-09-11,2,5,24,30,33,45
2019-09-11,7,12,16,17,26,32
2019-09-12,1,11,25,29,35,44
2019-09-12,20,30,36,37,38,44
2019-09-13,4,14,15,19,38,46
2019-09-13,19,22,23,39,43,44
2019-09-14,5,19,23,31,33,40
2019-09-14,9,18,21,30,33,42
2019-09-15,3,6,12,25,37,49
2019-09-15,6,15,19,20,22,49
2019-09-16,10,11,24,27,33,34
2019-09-16,10,21,22,39,41,47
2019-09-17,2,17,26,30,34,38
2019-09-17,4,7,20,25,37,43
2019-09-18,1,2,17,20,28,43
2019-09-18,4,8,17,20,26,47
2019-09-19,5,22,33,35,36,45
2019-09-19,8,17,18,28,30,41
2019-09-20,1,7,11,18,27,28
2019-09-20,5,6,21,24,35,46
2019-09-21,3,15,17,19,39,42
2019-09-21,10,12,16,22,34,48
2019-09-22,2,11,12,19,36,38
2019-09-22,2,19,21,22,41,45
2019-09-23,1,3,27,35,38,49
2019-09-23,7,16,23,24,35,42
2019-09-24,1,2,24,28,30,44
2019-09-24,3,11,17,19,20,48
2019-09-25,4,7,14,26,32,48
2019-09-25,20,22,23,25,34,40
2019-09-26,6,16,20,25,40,46
2019-09-26,13,16,26,35,44,46
2019-09-27,3,4,9,14,22,29
2019-09-27,8,22,25,36,42,45
2019-09-28,2,7,30,33,40,47
2019-09-28,12,15,37,43,44,46
2019-09-29,4,21,26,30,44,46
2019-09-29,20,22,23,30,39,43
2019-09-30,1,7,12,30,40,41
2019-09-30,10,14,21,27,31,37
2019-10-01,5,10,14,29,33,44
2019-10-01,12,13,14,36,39,49
2019-10-02,3,5,11,17,21,23
2019-10-02,3,13,14,36,37,40
2019-10-03,2,13,14,30,36,46
2019-10-03,11,20,24,32,33,41
2019-10-04,8,21,27,32,45,49
2019-10-04,23,33,34,40,44,45
2019-10-05,3,10,12,14,39,43
2019-10-05,5,15,44,46,48,49
2019-10-06,6,10,18,41,44,47
2019-10-06,9,24,34,37,43,47
2019-10-07,3,15,18,19,28,43
2019-10-07,9,17,18,21,33,48
2019-10-08,1,16,19,24,32,37
2019-10-08,18,19,22,27,43,49
2019-10-09,1,2,11,15,41,44
2019-10-09,2,4,6,26,35,38
2019-10-10,1,17,24,26,41,44
2019-10-10,2,6,22,28,31,32
2019-10-11,3,4,20,24,28,48
2019-10-11,7,23,27,39,45,48
2019-10-12,1,3,10,28,30,38
2019-10-12,5,24,28,30,35,47
2019-10-13,4,23,30,34,43,45
2019-10-13,15,16,22,32,37,39
2019-10-14,5,12,17,25,40,44
2019-10-14,26,34,37,46,47,48
2019-10-15,1,11,19,22,35,45
2019-10-15,3,15,27,34,37,43
2019-10-16,4,18,30,31,43,47
2019-10-16,4,18,37,38,43,45
2019-10-17,9,16,32,43,44,47
2019-10-17,9,19,26,29,35,41
2019-10-18,1,8,19,22,38,44
2019-10-18,2,25,27,28,34,41
2019-10-19,5,25,28,31,36,47
2019-10-19,9,10,31,39,48,49
2019-10-20,3,7,12,24,35,45
2019-10-20,6,14,18,22,24,49
2019-10-21,4,21,24,27,33,34
2019-10-21,18,26,30,36,39,46
2019-10-22,7,11,12,26,43,46
2019-10-22,18,24,30,43,47,48
2019-10-23,6,7,22,41,44,46
2019-10-23,22,27,28,33,34,49
2019-10-24,15,17,21,26,28,38
2019-10-24,16,17,22,34,35,42
2019-10-25,6,19,26,29,40,48
2019-10-25,8,10,12,27,31,42
2019-10-26,13,24,33,35,41,43
2019-10-26,14,24,39,40,42,48
2019-10-27,2,15,23,40,44,48
2019-10-27,17,19,20,22,25,36
2019-10-28,10,15,28,36,44,47
2019-10-28,12,15,16,28,29,34
2019-10-29,1,13,15,17,23,30
2019-10-29,4,7,9,11,46,48
2019-10-30,2,8,10,11,36,39
2019-10-30,9,11,18,19,40,46
2019-10-31,9,13,22,23,28,42
2019-10-31,10,11,20,31,37,49
2019-11-01,2,8,14,27,31,42
2019-11-01,12,19,21,23,46,49
2019-11-02,5,9,22,23,45,46
2019-11-02,11,13,20,23,25,46
2019-11-03,3,4,6,7,12,15
2019-11-03,11,25,31,37,39,47
2019-11-04,4,19,23,26,27,29
2019-11-04,14,16,17,23,41,49
2019-11-05,3,25,29,38,40,49
2019-11-05,4,14,19,35,38,47
2019-11-06,2,7,29,30,34,40
2019-11-06,4,6,13,33,43,48
2019-11-07,6,11,24,25,40,49
2019-11-07,8,15,18,26,30,33
2019-11-08,2,13,23,32,33,48
2019-11-08,6,7,8,17,28,40
2019-11-09,1,2,5,28,41,49
2019-11-09,16,24,30,31,37,45
2019-11-10,3,4,13,30,37,43
2019-11-10,4,10,26,28,36,38
2019-11-11,1,25,30,34,36,39
2019-11-11,2,4,28,29,35,36
2019-11-12,3,14,15,17,33,43
2019-11-12,9,35,38,42,43,44
2019-11-13,4,5,19,21,37,47
2019-11-13,5,15,23,30,38,39
2019-11-14,7,20,24,37,38,47
2019-11-14,9,20,24,37,42,46
2019-11-15,6,13,24,38,44,49
2019-11-15,7,36,38,39,47,49
2019-11-16,1,4,16,19,30,31
2019-11-16,16,32,43,44,46,49
2019-11-17,7,11,12,31,43,48
2019-11-17,17,19,33,40,45,49
2019-11-18,6,9,21,27,32,36
2019-11-18,9,15,22,24,25,35
2019-11-19,4,26,34,37,45,46
2019-11-19,11,20,21,24,27,37
2019-11-20,6,37,39,40,45,48
2019-11-20,20,21,23,27,46,49
2019-11-21,7,11,14,24,28,43
2019-11-21,8,21,30,32,34,49
2019-11-22,4,9,12,24,39,41
2019-11-22,10,22,24,26,35,37
2019-11-23,6,14,26,39,46,47
2019-11-23,16,18,27,33,34,39
2019-11-24,1,16,29,30,32,48
2019-11-24,4,6,21,26,29,41
2019-11-25,2,10,14,20,35,45
2019-11-25,25,34,35,36,40,41
2019-11-26,9,15,16,23,35,42
2019-11-26,12,19,21,35,40,46
2019-11-27,1,5,13,17,22,28
2019-11-27,3,11,13,19,32,33
2019-11-28,6,21,22,30,35,45
2019-11-28,13,25,39,40,41,49
2019-11-29,8,11,22,23,30,47
2019-11-29,10,13,17,18,19,32
2019-11-30,4,17,22,23,38,45
2019-11-30,29,31,34,37,45,48
2019-12-01,1,11,19,23,32,45
2019-12-01,10,21,22,26,37,44
2019-12-02,3,6,14,16,20,47
2019-12-02,26,29,38,40,45,47
2019-12-03,9,12,24,27,34,48
2019-12-03,10,23,24,26,47,49
2019-12-04,3,20,23,26,31,39
2019-12-04,8,12,17,20,31,34
2019-12-05,5,8,12,31,32,34
2019-12-05,23,31,32,35,38,48
2019-12-06,3,7,18,30,44,49
2019-12-06,15,17,27,34,45,47
2019-12-07,3,5,8,12,32,41
2019-12-07,3,13,14,19,24,48
2019-12-08,1,7,24,29,37,41
2019-12-08,1,15,20,24,41,42
2019-12-09,7,14,17,21,38,48
2019-12-09,13,14,22,23,28,35
2019-12-10,1,7,13,30,42,46
2019-12-10,3,6,8,12,31,35
2019-12-11,5,20,39,43,44,46
2019-12-11,6,8,24,31,33,39
2019-12-12,3,6,26,35,44,48
2019-12-12,14,15,38,40,43,47
2019-12-13,3,12,35,39,43,47
2019-12-13,12,15,24,26,38,46
2019-12-14,2,9,33,35,42,45
2019-12-14,19,27,28,31,34,46
2019-12-15,1,8,17,18,37,40
2019-12-15,18,25,26,40,42,48
2019-12-16,8,18,29,37,42,45
2019-12-16,22,24,26,33,38,41
2019-12-17,1,22,30,35,43,49
2019-12-17,9,14,18,32,36,39
2019-12-18,12,14,21,28,46,49
2019-12-18,18,20,31,34,35,43
2019-12-19,1,5,19,22,30,43
2019-12-19,14,21,29,30,34,36
2019-12-20,2,5,8,16,23,35
2019-12-20,13,18,20,25,26,48
2019-12-21,7,9,12,27,31,42
2019-12-21,14,15,24,26,28,36
2019-12-22,3,5,20,22,23,25
2019-12-22,17,21,24,26,27,41
2019-12-23,1,11,34,41,45,46
2019-12-23,5,13,15,26,32,49
2019-12-24,1,11,25,26,38,40
2019-12-24,22,23,42,43,46,48
2019-12-26,3,15,23,28,38,42
2019-12-26,6,15,22,25,29,48
2019-12-27,1,7,28,34,42,47
2019-12-27,18,30,32,33,38,43
2019-12-28,1,5,9,17,26,30
2019-12-28,19,24,26,42,44,45
2019-12-29,1,10,34,35,42,46
2019-12-29,4,12,14,23,33,41
2019-12-30,1,2,5,16,31,39
2019-12-30,1,3,6,33,39,49
2019-12-31,1,4,13,35,40,49
2019-12-31,14,24,25,26,32,35
2020-01-01,9,15,19,22,32,47
2020-01-01,11,12,35,46,47,48
2020-01-02,2,17,33,35,36,41
2020-01-02,5,24,32,38,40,44
2020-01-03,9,10,13,29,40,47
2020-01-03,13,24,29,32,33,36
2020-01-04,1,8,12,17,43,44
2020-01-04,14,18,28,29,33,39
2020-01-05,2,22,26,34,39,41
2020-01-05,3,16,18,22,44,45
2020-01-06,3,19,20,27,29,32
2020-01-06,7,17,28,35,43,48
2020-01-07,1,22,30,39,44,46
2020-01-07,26,38,44,45,46,49
2020-01-08,2,9,12,22,24,42
2020-01-08,8,10,16,22,30,39
2020-01-09,2,6,10,24,27,39
2020-01-09,16,20,34,38,47,48
2020-01-10,2,4,7,22,26,42
2020-01-10,3,5,18,34,43,44
2020-01-11,1,22,29,33,34,45
2020-01-11,26,31,34,36,37,39
2020-01-12,3,6,12,19,25,37
2020-01-12,22,24,32,33,35,41
2020-01-13,2,3,12,21,43,48
2020-01-13,2,23,31,37,41,47
2020-01-14,12,14,15,26,31,43
2020-01-14,14,15,25,26,38,45
2020-01-15,1,7,16,22,31,44
2020-01-15,2,26,27,39,44,46
2020-01-16,2,23,29,34,47,49
2020-01-16,9,12,18,20,26,43
2020-01-17,7,9,11,17,19,24
2020-01-17,12,21,24,30,40,45
2020-01-18,2,15,16,27,43,46
2020-01-18,9,31,35,39,42,45
2020-01-19,6,14,34,35,36,46
2020-01-19,20,25,27,36,37,42
2020-01-20,4,7,22,30,35,38
2020-01-20,12,22,30,41,44,46
2020-01-21,2,6,14,34,35,48
2020-01-21,13,21,22,30,38,40
2020-01-22,3,10,14,22,32,49
2020-01-22,3,10,14,24,25,44
2020-01-23,2,10,19,31,36,43
2020-01-23,9,15,18,43,46,47
2020-01-24,3,6,10,17,38,42
2020-01-24,5,7,8,38,43,49
2020-01-25,1,3,16,25,28,34
2020-01-25,6,11,27,28,35,45
2020-01-26,3,11,28,34,36,46
2020-01-26,18,26,28,29,37,43
2020-01-27,1,5,6,18,25,33
2020-01-27,4,5,22,27,39,46
2020-01-28,6,7,12,19,23,39
2020-01-28,12,24,32,34,37,46
2020-01-29,2,8,13,19,25,32
2020-01-29,4,22,27,37,43,45
2020-01-30,4,11,13,14,47,48
2020-01-30,5,8,32,35,44,47
2020-01-31,5,11,12,32,40,42
2020-01-31,10,17,23,35,41,47
2020-02-01,4,10,19,25,35,45
2020-02-01,7,13,21,37,40,44
2020-02-02,2,3,5,17,22,32
2020-02-02,17,23,25,28,29,42
2020-02-03,8,11,19,26,32,48
2020-02-03,13,18,30,35,40,41
2020-02-04,6,12,16,35,42,46
2020-02-04,7,11,14,15,38,42
2020-02-05,3,13,26,33,34,44
2020-02-05,3,25,26,33,39,41
2020-02-06,4,7,15,19,25,27
2020-02-06,17,18,19,41,44,45
2020-02-07,1,12,14,28,32,46
2020-02-07,15,22,32,34,36,49
2020-02-08,1,3,4,6,8,12
2020-02-08,8,9,10,25,35,48
2020-02-09,1,5,35,37,39,48
2020-02-09,2,14,16,24,35,43
2020-02-10,1,8,12,29,43,49
2020-02-10,2,23,28,29,37,40
2020-02-11,1,11,17,43,45,47
2020-02-11,8,24,29,32,34,46
2020-02-12,2,14,27,31,32,46
2020-02-12,3,10,24,27,33,34
2020-02-13,5,21,31,36,37,44
2020-02-13,14,25,27,42,44,47
2020-02-14,10,25,27,29,39,45
2020-02-14,11,14,16,26,31,33
2020-02-15,10,12,16,29,40,41
2020-02-15,12,15,20,21,23,47
2020-02-16,1,7,14,23,25,35
2020-02-16,6,13,15,17,33,36
2020-02-17,2,7,29,31,44,49
2020-02-17,5,6,7,14,25,42
2020-02-18,4,6,10,12,14,32
2020-02-18,13,14,30,33,34,42
2020-02-19,10,24,25,27,43,46
2020-02-19,11,12,43,45,47,49
2020-02-20,6,16,21,37,38,47
2020-02-20,7,20,28,35,38,44
2020-02-21,4,13,42,43,46,49
2020-02-21,24,32,34,35,43,48
2020-02-22,2,10,14,21,37,49
2020-02-22,6,14,19,24,30,34
2020-02-23,3,11,25,30,31,34
2020-02-23,15,17,35,37,42,46
2020-02-24,1,3,9,36,37,46
2020-02-24,14,15,16,28,30,37
2020-02-25,1,10,12,24,39,44
2020-02-25,14,16,18,23,40,42
2020-02-26,7,12,24,31,32,33
2020-02-26,16,23,27,32,36,49
2020-02-27,3,5,7,31,34,46
2020-02-27,6,7,15,35,39,42
2020-02-28,2,9,22,26,28,33
2020-02-28,4,10,20,24,26,44
2020-02-29,8,13,23,24,26,27
2020-02-29,9,12,21,23,31,37
2020-03-01,2,8,9,19,29,42
2020-03-01,2,12,15,20,22,39
2020-03-02,3,9,12,31,32,45
2020-03-02,7,13,20,24,32,37
2020-03-03,3,10,11,18,24,48
2020-03-03,4,11,12,13,36,48
2020-03-04,3,9,19,24,26,31
2020-03-04,7,10,14,22,27,31
2020-03-05,4,5,10,17,19,21
2020-03-05,12,18,20,25,37,49
2020-03-06,2,19,33,39,47,48
2020-03-06,3,10,12,15,24,34
2020-03-07,2,18,22,26,39,49
2020-03-07,5,17,29,31,34,43
2020-03-08,7,16,31,32,33,47
2020-03-08,10,12,14,18,36,40
2020-03-09,4,25,33,39,40,41
2020-03-09,9,10,14,15,26,43
2020-03-10,3,13,26,36,41,47
2020-03-10,15,20,32,39,41,49
2020-03-11,1,6,19,33,42,49
2020-03-11,6,15,16,30,36,37
2020-03-12,1,3,14,16,43,48
2020-03-12,8,15,17,28,32,42
2020-03-13,8,12,22,26,31,35
2020-03-13,12,17,19,21,22,30
2020-03-14,12,14,19,32,34,43
2020-03-14,20,26,30,36,37,41
2020-03-15,6,8,9,12,24,35
2020-03-15,12,13,16,31,47,48
2020-03-16,1,16,20,37,41,49
2020-03-16,8,9,10,20,31,48
2020-03-17,6,10,21,24,37,39
2020-03-17,21,22,31,38,46,48
2020-03-18,23,34,36,39,44,46
2020-03-18,24,28,33,40,42,43
2020-03-19,7,10,13,22,30,37
2020-03-19,10,16,19,23,24,46
2020-03-20,1,2,13,19,21,28
2020-03-20,7,16,20,37,43,49
2020-03-21,6,7,9,25,35,42
2020-03-21,6,10,19,35,39,41
2020-03-22,8,19,21,28,32,41
2020-03-22,13,20,35,37,45,46
2020-06-15,9,10,15,25,28,37
2020-06-15,9,11,12,14,34,37
2020-06-16,1,8,26,30,31,32
2020-06-16,7,8,13,23,43,44
2020-06-17,5,16,19,30,44,49
2020-06-17,10,14,27,34,45,48
2020-06-18,13,21,27,29,31,34
2020-06-18,17,18,20,34,41,42
2020-06-19,1,5,18,21,41,43
2020-06-19,8,10,16,27,35,36
2020-06-20,2,11,26,36,39,46
2020-06-20,11,12,13,17,22,36
2020-06-21,4,6,8,19,20,42
2020-06-21,4,14,16,24,36,47
2020-06-22,1,8,19,30,38,47
2020-06-22,2,3,5,15,20,49
2020-06-23,3,5,8,11,23,31
2020-06-23,16,20,22,24,25,47
2020-06-24,1,20,33,35,43,45
2020-06-24,4,12,23,30,40,48
2020-06-25,3,6,10,28,29,32
2020-06-25,4,8,21,22,40,46
2020-06-26,4,20,21,39,47,48
2020-06-26,10,13,15,33,40,48
2020-06-27,2,4,18,22,30,46
2020-06-27,5,10,26,33,41,47
2020-06-28,1,15,26,27,32,49
2020-06-28,18,19,28,33,41,45
2020-06-29,5,6,11,27,35,36
2020-06-29,20,21,23,29,41,48
2020-06-30,7,10,37,42,43,49
2020-06-30,15,19,21,23,37,39
2020-07-01,1,2,27,40,45,48
2020-07-01,7,10,23,24,30,33
2020-07-02,2,14,22,28,40,49
2020-07-02,5,6,17,20,35,46
2020-07-03,1,11,22,25,27,40
2020-07-03,6,15,18,23,40,44
2020-07-04,6,7,13,23,42,43
2020-07-04,6,10,15,37,47,49
2020-07-05,2,10,20,35,36,45
2020-07-05,4,15,30,31,41,43
2020-07-06,3,9,23,32,39,49
2020-07-06,5,11,13,24,44,49
2020-07-07,5,20,23,25,26,33
2020-07-07,10,11,29,31,32,43
2020-07-08,3,9,12,17,28,32
2020-07-08,12,14,23,24,25,29
2020-07-09,3,4,5,20,30,39
2020-07-09,6,19,25,28,37,48
2020-07-10,2,23,32,33,46,48
2020-07-10,5,18,19,27,28,32
2020-07-11,1,3,14,35,41,49
2020-07-11,5,13,24,28,30,48
2020-07-12,1,6,19,24,33,39
2020-07-12,3,16,22,26,30,39
2020-07-13,6,18,22,24,35,46
2020-07-13,10,13,23,29,36,37
2020-07-14,1,16,23,37,44,45
2020-07-14,5,6,18,29,39,44
2020-07-15,1,3,11,26,34,44
2020-07-15,14,23,29,31,46,47
2020-07-16,8,24,25,37,40,45
2020-07-16,11,18,28,34,44,49
2020-07-17,3,10,12,23,28,40
2020-07-17,6,7,8,14,26,42
2020-07-18,5,9,19,29,40,47
2020-07-18,17,20,21,27,43,49
2020-07-19,1,8,12,17,37,38
2020-07-19,21,22,30,35,37,42
2020-07-20,10,15,16,39,40,42
2020-07-20,11,15,16,26,37,40
2020-07-21,1,8,13,16,22,34
2020-07-21,16,32,36,37,39,40
2020-07-22,6,21,26,28,39,48
2020-07-22,7,16,19,34,43,47
2020-07-23,5,9,11,25,26,45
2020-07-23,8,29,34,44,46,48
2020-07-24,3,5,15,23,25,27
2020-07-24,3,13,28,36,43,49
2020-07-25,1,12,19,23,40,44
2020-07-25,6,19,21,26,32,47
2020-07-26,2,14,20,28,44,47
2020-07-26,9,15,27,28,31,42
2020-07-27,2,9,15,21,46,49
2020-07-27,6,8,14,15,21,45
2020-07-28,1,3,16,20,22,30
2020-07-28,13,16,26,35,46,47
2020-07-29,2,4,10,37,40,46
2020-07-29,14,16,34,37,39,48
2020-07-30,9,29,33,38,42,45
2020-07-30,13,20,22,37,38,44
2020-07-31,6,15,19,22,28,42
2020-07-31,6,27,36,38,40,45
2020-08-01,1,24,27,32,37,42
2020-08-01,9,14,25,26,27,36
2020-08-02,1,7,11,23,27,45
2020-08-02,2,4,13,25,27,31
2020-08-03,1,2,7,14,30,34
2020-08-03,1,5,21,29,47,49
2020-08-04,2,8,9,17,22,29
2020-08-04,6,15,27,35,47,48
2020-08-05,4,17,23,24,28,42
2020-08-05,7,18,19,29,36,44
2020-08-06,12,15,29,36,38,44
2020-08-06,12,35,37,40,48,49
2020-08-07,7,14,20,25,26,29
2020-08-07,9,19,26,39,41,47
2020-08-08,8,9,12,23,44,46
2020-08-08,10,13,23,28,30,32
2020-08-09,3,18,20,26,29,42
2020-08-09,5,7,11,20,36,42
2020-08-10,1,23,30,38,44,46
2020-08-10,4,14,19,27,35,39
2020-08-11,5,12,13,24,38,40
2020-08-11,16,27,45,46,47,48
2020-08-12,5,7,15,21,25,40
2020-08-12,12,13,41,44,48,49
2020-08-13,3,20,25,26,44,47
2020-08-13,21,22,29,32,48,49
2020-08-14,6,8,11,14,37,40
2020-08-14,13,14,22,30,32,38
2020-08-15,3,8,10,17,35,39
2020-08-15,15,16,32,40,43,49
2020-08-16,3,22,23,24,27,42
2020-08-16,5,23,37,38,47,49
2020-08-17,2,6,22,31,36,42
2020-08-17,2,10,20,31,38,49
2020-08-18,1,5,16,38,46,49
2020-08-18,19,23,30,36,46,47
2020-08-19,14,16,17,19,30,37
2020-08-19,15,18,37,39,45,47
2020-08-20,1,2,8,31,32,40
2020-08-20,18,21,35,40,41,44
2020-08-21,1,2,12,22,40,49
2020-08-21,8,13,16,19,27,34
2020-08-22,6,12,26,27,41,49
2020-08-22,11,29,37,45,46,48
2020-08-23,2,25,27,30,32,45
2020-08-23,5,11,12,17,18,27
2020-08-24,1,12,23,28,34,41
2020-08-24,2,11,20,21,35,42
2020-08-25,5,6,7,39,42,44
2020-08-25,8,20,28,35,38,45
2020-08-26,1,3,18,24,37,49
2020-08-26,2,3,6,9,25,30
2020-08-27,4,13,19,23,36,41
2020-08-27,17,28,31,32,34,44
2020-08-28,7,17,18,27,41,42
2020-08-28,10,12,15,19,44,49
2020-08-29,3,6,23,31,33,35
2020-08-29,13,25,38,44,45,48
2020-08-30,15,26,29,30,36,45
2020-08-30,17,19,35,39,40,48
2020-08-31,4,5,17,25,42,44
2020-08-31,12,13,30,34,41,42
2020-09-01,6,7,8,19,25,44
2020-09-01,6,15,20,28,32,47
2020-09-02,3,5,23,30,31,49
2020-09-02,3,8,9,11,27,44
2020-09-03,5,31,34,36,46,48
2020-09-03,11,16,25,37,38,43
2020-09-04,6,13,34,35,42,46
2020-09-04,12,13,18,21,34,35
2020-09-05,2,9,10,12,17,24
2020-09-05,9,12,13,26,32,45
2020-09-06,3,6,10,20,22,40
2020-09-06,7,12,14,18,27,39
2020-09-07,1,30,40,47,48,49
2020-09-07,6,18,19,20,41,44
2020-09-08,4,6,7,8,27,38
2020-09-08,4,7,8,14,34,42
2020-09-09,1,8,12,38,46,49
2020-09-09,2,9,10,23,28,39
2020-09-10,1,6,11,19,34,37
2020-09-10,15,22,25,39,41,46
2020-09-11,3,19,35,45,48,49
2020-09-11,7,10,12,19,22,46
2020-09-12,9,16,17,36,39,48
2020-09-12,14,19,31,32,34,39
2020-09-13,5,6,18,35,44,46
2020-09-13,11,24,30,36,45,47
2020-09-14,2,16,29,34,39,46
2020-09-14,5,6,8,25,35,46
2020-09-15,1,2,4,11,24,42
2020-09-15,1,10,30,39,43,45
2020-09-16,2,8,25,38,44,47
2020-09-16,6,14,25,43,47,49
2020-09-17,8,12,22,28,30,46
2020-09-17,11,13,22,26,39,46
2020-09-18,4,24,26,33,38,46
2020-09-18,6,17,36,42,46,49
2020-09-19,1,15,27,39,44,45
2020-09-19,4,7,16,24,31,47
2020-09-20,1,9,11,13,16,32
2020-09-20,6,21,29,38,43,45
2020-09-21,2,6,18,41,43,48
2020-09-21,15,19,27,31,32,45
2020-09-22,6,17,34,36,41,49
2020-09-22,7,20,23,27,28,44
2020-09-23,9,18,25,30,31,38
2020-09-23,17,18,20,37,40,48
2020-09-24,6,12,16,28,34,43
2020-09-24,14,25,27,31,38,39
2020-09-25,8,15,28,34,38,42
2020-09-25,17,20,21,24,30,31
2020-09-26,6,7,8,10,28,39
2020-09-26,19,22,27,39,46,49
2020-09-27,9,16,17,21,27,48
2020-09-27,11,14,20,22,24,28
2020-09-28,7,12,16,29,31,34
2020-09-28,9,17,20,35,41,48
2020-09-29,13,15,25,28,29,38
2020-09-29,14,28,33,38,40,44
2020-09-30,3,6,8,27,32,40
2020-09-30,5,8,15,36,41,43
2020-10-01,1,11,31,41,46,49
2020-10-01,5,9,15,19,42,46
2020-10-02,3,7,17,18,29,41
2020-10-02,3,8,22,28,34,41
2020-10-03,3,9,20,36,37,46
2020-10-03,9,31,34,37,41,48
2020-10-04,8,9,21,26,29,37
2020-10-04,11,12,27,29,35,44
2020-10-05,3,16,20,21,26,28
2020-10-05,6,7,18,26,31,43
2020-10-06,12,21,32,34,40,46
2020-10-06,31,34,41,42,45,46
2020-10-07,1,6,14,17,35,49
2020-10-07,3,13,22,30,38,46
2020-10-08,7,9,21,24,28,43
2020-10-08,13,26,32,39,43,44
2020-10-09,2,12,32,33,34,44
2020-10-09,9,12,23,28,37,49
2020-10-10,3,4,8,12,22,48
2020-10-10,20,29,30,31,33,37
2020-10-11,1,4,14,24,32,45
2020-10-11,4,19,23,24,36,47
2020-10-12,4,13,14,23,38,39
2020-10-12,25,28,29,32,46,48
2020-10-13,3,10,11,16,21,27
2020-10-13,11,20,27,36,37,46
2020-10-14,4,8,18,39,45,46
2020-10-14,4,13,16,19,32,38
2020-10-15,2,13,24,27,28,32
2020-10-15,5,18,23,26,28,41
2020-10-16,8,12,24,26,38,45
2020-10-16,10,16,20,24,33,38
2020-10-17,3,9,18,25,26,36
2020-10-17,5,10,27,36,38,45
2020-10-18,1,3,4,14,24,43
2020-10-18,20,25,26,27,29,37
2020-10-19,1,6,17,31,32,40
2020-10-19,17,19,22,28,35,47
2020-10-20,2,6,7,8,25,36
2020-10-20,3,4,18,21,33,47
2020-10-21,3,14,22,24,34,36
2020-10-21,4,19,22,27,29,43
2020-10-22,2,29,31,38,39,41
2020-10-22,4,14,24,26,38,39
2020-10-23,1,20,21,38,47,49
2020-10-23,4,10,15,20,25,35
2020-10-24,2,10,13,24,32,37
2020-10-24,9,10,11,12,14,38
2020-10-25,3,22,29,34,42,45
2020-10-25,11,14,17,22,44,46
2020-10-26,1,3,17,25,39,41
2020-10-26,3,6,18,26,30,32
2020-10-27,2,24,28,35,39,47
2020-10-27,8,11,17,23,29,35
2020-10-28,5,6,10,17,22,31
2020-10-28,6,13,26,34,36,41
2020-10-29,2,4,24,25,43,46
2020-10-29,8,17,35,41,44,46
2020-10-30,2,6,8,18,21,40
2020-10-30,3,12,27,38,41,45
2020-10-31,3,8,12,18,21,30
2020-10-31,17,20,30,35,40,43
2020-11-01,14,24,29,38,41,48
2020-11-01,15,22,37,40,41,49
2020-11-02,3,5,17,25,39,47
2020-11-02,5,19,20,21,28,48
2020-11-03,1,3,17,19,26,48
2020-11-03,2,3,19,37,39,45
2020-11-04,1,18,25,30,40,43
2020-11-04,25,30,35,41,42,47
2020-11-05,4,7,22,37,41,42
2020-11-05,9,11,18,24,36,37
2020-11-06,2,11,15,20,46,48
2020-11-06,8,28,30,31,43,46
2020-11-07,1,4,18,31,38,44
2020-11-07,1,13,26,29,41,46
2020-11-08,6,8,12,14,20,24
2020-11-08,14,16,27,33,36,37
2020-11-09,6,9,14,29,30,37
2020-11-09,19,25,33,37,44,46
2020-11-10,11,18,32,36,43,49
2020-11-10,19,34,37,40,44,47
2020-11-11,7,13,18,24,35,39
2020-11-11,15,28,37,40,43,48
2020-11-12,4,5,12,28,33,39
2020-11-12,11,19,36,37,42,48
2020-11-13,1,10,15,21,23,28
2020-11-13,15,18,22,28,46,48
2020-11-14,3,9,20,26,36,40
2020-11-14,8,12,14,16,24,31
2020-11-15,3,20,23,26,42,48
2020-11-15,10,26,34,41,43,46
2020-11-16,4,13,16,26,32,47
2020-11-16,20,32,39,47,48,49
2020-11-17,2,10,19,23,34,35
2020-11-17,4,9,13,28,45,48
2020-11-18,1,7,31,36,40,45
2020-11-18,3,6,9,24,28,41
2020-11-19,2,3,4,17,33,38
2020-11-19,18,19,28,32,40,47
2020-11-20,7,12,24,34,37,48
2020-11-20,10,12,16,18,43,48
2020-11-21,4,29,42,45,47,49
2020-11-21,5,6,10,24,31,38
2020-11-22,5,13,16,17,23,42
2020-11-22,9,14,22,28,33,36
2020-11-23,3,8,34,37,39,48
2020-11-23,12,17,18,20,27,34
2020-11-24,2,4,20,25,28,31
2020-11-24,6,15,19,24,29,42
2020-11-25,2,7,29,39,46,49
2020-11-25,4,20,25,32,39,47
2020-11-26,5,11,26,32,38,44
2020-11-26,8,9,12,16,17,37
2020-11-27,2,16,21,34,36,48
2020-11-27,17,18,19,23,34,43
2020-11-28,12,25,28,36,41,43
2020-11-28,22,24,35,36,39,40
2020-11-29,3,4,40,44,46,48
2020-11-29,17,19,24,27,38,47
2020-11-30,1,35,37,42,44,48
2020-11-30,4,17,18,21,23,39
2020-12-01,3,8,19,35,43,48
2020-12-01,16,22,29,32,41,48
2020-12-02,2,11,20,29,43,49
2020-12-02,7,19,25,42,45,48
2020-12-03,1,6,13,16,18,19
2020-12-03,4,8,14,29,42,43
2020-12-04,3,5,17,27,31,40
2020-12-04,18,21,22,33,36,44
2020-12-05,4,17,25,27,30,38
2020-12-05,7,9,20,21,28,39
2020-12-06,1,7,10,21,31,35
2020-12-06,16,17,26,33,35,49
2020-12-07,2,4,13,39,44,47
2020-12-07,5,17,18,19,23,32
2020-12-08,1,17,20,30,34,39
2020-12-08,16,25,28,35,42,45
2020-12-09,5,20,22,27,44,45
2020-12-09,6,7,9,29,32,42
2020-12-10,3,5,27,34,40,41
2020-12-10,3,15,17,28,37,42
2020-12-11,17,19,29,30,42,45
2020-12-11,20,26,42,43,45,47
2020-12-12,7,9,14,16,18,26
2020-12-12,10,16,26,33,45,46
2020-12-13,4,24,29,39,43,44
2020-12-13,12,13,17,34,39,42
2020-12-14,3,13,22,28,32,34
2020-12-14,11,27,30,34,40,44
2020-12-15,8,22,23,36,40,43
2020-12-15,10,16,33,37,40,49
2020-12-16,1,4,27,29,37,48
2020-12-16,4,10,13,25,27,33
2020-12-17,2,12,13,28,33,47
2020-12-17,17,22,26,27,31,34
2020-12-18,3,20,22,27,29,49
2020-12-18,15,17,20,29,34,46
2020-12-19,4,8,15,31,34,44
2020-12-19,4,8,17,45,46,48
2020-12-20,2,4,20,31,32,45
2020-12-20,6,13,23,30,40,42
2020-12-21,8,20,21,22,33,48
2020-12-21,21,25,43,44,46,47
2020-12-22,6,20,31,41,46,47
2020-12-22,8,17,21,31,34,40
2020-12-23,2,6,18,35,39,43
2020-12-23,14,18,34,39,45,48
2020-12-24,2,6,20,23,30,31
2020-12-24,8,9,15,16,19,20
2020-12-26,3,12,19,22,32,37
2020-12-26,10,12,13,20,34,35
2020-12-27,1,10,21,25,29,47
2020-12-27,3,5,23,26,35,36
2020-12-28,9,18,31,34,35,43
2020-12-28,12,15,18,23,28,39
2020-12-29,7,15,22,37,42,45
2020-12-29,12,17,27,29,37,49
2020-12-30,3,11,18,19,32,41
2020-12-30,6,9,12,17,42,49
2020-12-31,7,19,35,37,38,49
2020-12-31,17,18,23,28,35,42
2021-01-01,3,5,17,27,34,40
2021-01-01,12,26,31,34,42,44
2021-01-02,2,3,18,32,33,48
2021-01-02,2,4,17,26,31,37
2021-01-03,3,7,8,15,19,42
2021-01-03,4,15,21,25,30,39
2021-01-04,1,3,11,17,24,28
2021-01-04,2,12,30,31,34,45
2021-01-05,3,4,10,17,35,48
2021-01-05,15,17,19,23,35,45
2021-01-06,3,9,23,36,42,47
2021-01-06,11,16,22,26,30,40
2021-01-07,2,8,22,30,36,42
2021-01-07,6,8,12,26,37,47
2021-01-08,4,7,20,44,45,46
2021-01-08,8,17,25,31,34,45
2021-01-09,2,4,5,9,11,27
2021-01-09,3,4,7,9,20,32
2021-01-10,1,11,16,28,39,44
2021-01-10,2,18,31,39,41,48
2021-01-11,6,23,26,32,33,49
2021-01-11,9,18,19,33,40,42
2021-01-12,13,28,29,31,32,41
2021-01-12,15,17,30,32,43,44
2021-01-13,1,14,21,33,36,47
2021-01-13,9,12,19,25,46,48
2021-01-14,3,10,22,29,31,44
2021-01-14,3,12,18,34,37,43
2021-01-15,1,8,13,19,32,36
2021-01-15,2,6,22,24,39,45
2021-01-16,3,7,17,20,30,35
2021-01-16,5,6,11,20,22,39
2021-01-17,2,16,26,28,39,45
2021-01-17,11,20,21,28,40,47
2021-01-18,5,9,13,24,29,35
2021-01-18,9,23,25,29,35,47
2021-01-19,2,15,20,27,28,47
2021-01-19,6,7,16,22,23,49
2021-01-20,4,6,18,38,39,45
2021-01-20,8,12,15,31,42,44
2021-01-21,2,7,9,23,46,47
2021-01-21,5,10,11,17,20,44
2021-01-22,8,9,10,13,34,47
2021-01-22,11,12,13,24,45,48
2021-01-23,3,9,10,36,37,49
2021-01-23,6,7,8,9,14,29
2021-01-24,6,12,16,26,43,49
2021-01-24,8,12,31,40,46,47
2021-01-25,15,17,18,24,36,45
2021-01-25,22,28,37,38,39,42
2021-01-26,6,22,41,45,46,47
2021-01-26,7,14,24,30,31,44
2021-01-27,6,17,29,30,37,40
2021-01-27,10,11,12,23,38,47
2021-01-28,8,25,35,42,45,49
2021-01-28,16,19,24,39,41,44
2021-01-29,12,33,41,43,45,46
2021-01-29,13,18,32,33,46,48
2021-01-30,2,3,5,13,30,38
2021-01-30,6,10,19,26,39,42
2021-01-31,1,3,4,8,10,38
2021-01-31,1,6,12,13,24,33
2021-02-01,1,17,20,22,25,26
2021-02-01,2,12,14,21,36,43
2021-02-02,2,5,12,27,28,33
2021-02-02,18,20,27,36,40,49
2021-02-03,1,17,19,22,40,41
2021-02-03,2,18,22,40,42,49
2021-02-04,5,16,17,20,30,33
2021-02-04,6,15,31,45,47,48
2021-02-05,6,8,15,23,24,27
2021-02-05,7,19,26,29,34,37
2021-02-06,1,12,21,30,34,43
2021-02-06,11,15,28,34,37,44
2021-02-07,5,10,12,15,35,36
2021-02-07,14,24,30,39,43,45
2021-02-08,1,18,22,30,36,46
2021-02-08,8,12,14,17,31,47
2021-02-09,1,10,11,21,26,28
2021-02-09,5,18,21,26,32,35
2021-02-10,3,14,16,17,27,33
2021-02-10,5,12,26,43,44,48
2021-02-11,2,3,16,38,43,49
2021-02-11,12,23,24,40,42,44
2021-02-12,1,4,10,30,34,36
2021-02-12,6,13,14,17,28,48
2021-02-13,1,17,18,23,31,45
2021-02-13,2,11,15,25,29,34
2021-02-14,6,10,34,38,40,44
2021-02-14,17,22,30,32,36,49
2021-02-15,2,3,4,12,25,40
2021-02-15,6,11,17,33,36,39
2021-02-16,5,7,9,23,45,48
2021-02-16,14,22,31,45,48,49
2021-02-17,11,18,19,40,46,49
2021-02-17,17,26,28,30,35,48
2021-02-18,3,9,20,27,37,42
2021-02-18,9,10,23,24,36,45
2021-02-19,3,20,34,38,41,46
2021-02-19,7,13,19,28,31,41
2021-02-20,1,6,11,17,31,33
2021-02-20,2,11,18,23,27,33
2021-02-21,7,15,25,39,42,45
2021-02-21,23,24,25,34,44,49
2021-02-22,2,7,19,24,32,43
2021-02-22,16,17,19,21,32,41
2021-02-23,4,6,13,15,21,37
2021-02-23,6,11,13,20,33,42
2021-02-24,1,7,12,18,29,47
2021-02-24,4,16,31,33,47,48
2021-02-25,3,18,39,45,46,49
2021-02-25,9,16,19,31,37,49
2021-02-26,2,9,15,27,38,45
2021-02-26,8,11,25,40,43,47
2021-02-27,2,5,33,37,46,47
2021-02-27,5,13,27,30,37,43
2021-02-28,9,17,22,28,42,49
2021-02-28,20,26,36,37,40,44
2021-03-01,3,14,25,26,35,36
2021-03-01,10,11,33,35,43,46
2021-03-02,5,8,19,25,40,45
2021-03-02,5,8,19,39,41,45
2021-03-03,1,15,22,24,27,39
2021-03-03,4,6,7,24,26,49
2021-03-04,2,9,12,18,43,45
2021-03-04,3,11,18,24,41,48
2021-03-05,1,3,6,35,39,43
2021-03-05,2,8,9,10,18,27
2021-03-06,2,5,7,21,25,44
2021-03-06,4,23,36,41,42,45
2021-03-07,8,11,12,28,35,41
2021-03-07,16,24,27,30,45,49
2021-03-08,2,10,20,22,28,31
2021-03-08,6,7,22,32,33,35
2021-03-09,4,7,14,15,24,44
2021-03-09,4,20,24,25,36,38
2021-03-10,8,13,20,23,36,48
2021-03-10,15,19,22,37,38,40
2021-03-11,2,11,14,22,40,43
2021-03-11,6,9,28,29,31,33
2021-03-12,8,9,18,32,33,35
2021-03-12,17,23,27,28,29,46
2021-03-13,2,34,36,42,44,46
2021-03-13,12,13,17,21,24,38
2021-03-14,15,37,39,40,41,47
2021-03-14,18,21,32,41,47,48
2021-03-15,7,16,18,31,38,43
2021-03-15,8,13,22,24,33,47
2021-03-16,2,16,17,19,23,40
2021-03-16,5,6,11,19,32,39
2021-03-17,4,13,15,27,38,44
2021-03-17,8,17,20,21,22,35
2021-03-18,4,7,21,25,39,45
2021-03-18,17,22,42,43,44,49
2021-03-19,1,18,25,26,30,47
2021-03-19,9,10,23,31,41,43
2021-03-20,4,10,15,34,36,39
2021-03-20,11,12,13,25,27,42
2021-03-21,9,14,19,25,31,35
2021-03-21,9,30,37,38,40,49
2021-03-22,2,5,20,27,40,46
2021-03-22,6,22,23,30,42,48
2021-03-23,3,12,19,26,27,43
2021-03-23,18,23,29,33,41,47
2021-03-24,2,10,12,39,41,42
2021-03-24,5,9,21,22,41,44
2021-03-25,4,11,14,15,40,48
2021-03-25,5,6,20,21,32,40
2021-03-26,3,19,30,36,42,45
2021-03-26,20,22,24,30,32,46
2021-03-27,3,7,15,20,25,33
2021-03-27,5,8,13,24,34,49
2021-03-28,4,8,25,30,38,47
2021-03-28,4,25,26,28,38,49
2021-03-29,3,22,24,25,30,42
2021-03-29,9,21,28,31,42,48
2021-03-30,10,15,21,38,41,45
2021-03-30,11,16,24,26,39,41
2021-03-31,2,18,25,32,37,47
2021-03-31,9,14,17,21,27,47
2021-04-01,5,24,27,33,38,45
2021-04-01,19,32,36,37,38,49
2021-04-02,1,3,5,9,25,38
2021-04-02,8,12,17,43,46,49
2021-04-03,1,4,31,33,43,45
2021-04-03,16,19,23,32,40,41
2021-04-04,3,13,20,32,42,44
2021-04-04,4,9,10,16,26,32
2021-04-05,14,23,27,31,40,42
2021-04-05,26,29,37,41,43,44
2021-04-06,5,9,15,16,25,34
2021-04-06,9,15,22,27,29,40
2021-04-07,3,19,24,28,41,46
2021-04-07,24,34,36,41,43,44
2021-04-08,2,6,7,22,35,41
2021-04-08,11,23,24,33,35,43
2021-04-09,1,8,12,24,26,27
2021-04-09,1,9,20,25,31,40
2021-04-10,4,7,14,30,39,47
2021-04-10,18,20,21,27,29,47
2021-04-11,1,2,6,15,17,25
2021-04-11,1,2,18,24,29,31
2021-04-12,16,19,27,34,44,46
2021-04-12,19,28,29,39,42,47
2021-04-13,9,11,20,31,41,46
2021-04-13,25,31,37,44,46,47
2021-04-14,8,11,14,28,32,35
2021-04-14,18,20,31,37,38,44
2021-04-15,1,7,11,22,29,33
2021-04-15,21,22,26,27,34,40
2021-04-16,7,11,22,27,35,46
2021-04-16,10,12,20,30,44,46
2021-04-17,2,9,17,21,27,42
2021-04-17,9,11,18,19,31,41
2021-04-18,3,21,26,28,34,38
2021-04-18,5,16,17,22,43,47
2021-04-19,5,7,11,19,22,40
2021-04-19,9,30,37,44,48,49
2021-04-20,1,8,35,40,43,47
2021-04-20,2,13,18,42,46,47
2021-04-21,1,6,7,13,24,37
2021-04-21,2,12,25,40,48,49
2021-04-22,2,8,12,15,43,47
2021-04-22,4,5,11,15,18,40
2021-04-23,1,16,24,25,43,47
2021-04-23,2,8,16,30,39,43
2021-04-24,6,25,26,38,39,40
2021-04-24,7,11,18,32,40,44
2021-04-25,4,9,10,13,37,43
2021-04-25,17,19,24,25,37,42
2021-04-26,1,3,15,38,40,45
2021-04-26,16,23,25,31,48,49
2021-04-27,1,10,29,38,39,46
2021-04-27,6,12,21,31,37,44
2021-04-28,4,15,17,22,43,47
2021-04-28,5,12,29,33,34,47
2021-04-29,2,6,8,12,25,49
2021-04-29,2,16,29,31,37,49
2021-04-30,9,14,15,19,46,47
2021-04-30,10,18,20,31,44,45
2021-05-01,4,27,30,32,36,46
2021-05-01,6,7,34,35,48,49
2021-05-02,4,18,19,24,26,37
2021-05-02,16,34,35,40,48,49
2021-05-03,1,6,8,12,14,17
2021-05-03,9,12,19,36,44,45
2021-05-04,3,6,8,24,29,45
2021-05-04,4,21,29,32,33,38
2021-05-05,1,3,6,14,19,34
2021-05-05,1,8,12,18,42,45
2021-05-06,2,22,29,42,45,46
2021-05-06,6,11,20,28,40,45
2021-05-07,13,14,27,37,38,45
2021-05-07,14,24,31,33,40,49
2021-05-08,2,16,17,26,39,49
2021-05-08,3,12,32,34,42,48
2021-05-09,2,7,16,33,35,45
2021-05-09,8,13,16,18,31,32
2021-05-10,2,6,9,16,25,37
2021-05-10,10,14,29,35,40,48
2021-05-11,14,23,30,33,36,40
2021-05-11,16,30,31,36,41,42
2021-05-12,4,10,26,31,46,49
2021-05-12,15,19,28,35,39,44
2021-05-13,2,29,30,39,45,47
2021-05-13,4,8,18,39,43,45
2021-05-14,2,6,15,25,34,36
2021-05-14,20,21,34,35,37,40
2021-05-15,2,5,9,23,32,36
2021-05-15,8,12,19,20,21,32
2021-05-16,1,16,28,34,40,47
2021-05-16,4,6,12,16,44,46
2021-05-17,3,10,13,25,31,49
2021-05-17,11,12,23,27,42,45
2021-05-18,1,7,8,14,41,46
2021-05-18,4,19,26,27,30,37
2021-05-19,4,7,31,33,34,36
2021-05-19,5,13,14,24,31,46
2021-05-20,4,14,31,32,39,48
2021-05-20,5,8,26,28,37,39
2021-05-21,6,25,32,33,35,48
2021-05-21,9,14,26,31,37,45
2021-05-22,3,9,28,34,41,47
2021-05-22,5,30,40,44,45,47
2021-05-23,4,11,16,29,31,40
2021-05-23,8,11,20,34,42,46
2021-05-24,4,13,15,19,40,48
2021-05-24,15,17,24,28,33,48
2021-05-25,1,4,27,31,38,44
2021-05-25,1,7,9,22,31,47
2021-05-26,1,22,26,36,37,38
2021-05-26,8,11,12,25,28,42
2021-05-27,2,7,13,16,38,46
2021-05-27,4,15,19,31,32,45
2021-05-28,2,5,7,13,37,45
2021-05-28,6,7,20,22,27,29
2021-05-29,7,16,25,28,29,32
2021-05-29,12,29,33,36,37,46
2021-05-30,3,18,19,25,28,45
2021-05-30,7,29,40,43,45,49
2021-05-31,4,7,12,37,38,39
2021-05-31,10,20,36,38,45,48
2021-06-01,3,8,32,38,42,47
2021-06-01,6,9,11,31,39,47
2021-06-02,5,6,28,32,40,47
2021-06-02,20,24,25,26,31,43
2021-06-03,1,7,12,22,32,37
2021-06-03,10,15,22,23,34,46
2021-06-04,11,14,15,30,34,40
2021-06-04,16,25,26,40,43,46
2021-06-05,7,10,27,29,35,45
2021-06-05,7,24,44,47,48,49
2021-06-06,3,7,24,29,44,48
2021-06-06,11,12,33,35,37,46
2021-06-07,4,6,14,18,34,41
2021-06-07,7,18,21,31,39,46
2021-06-08,14,17,31,32,33,48
2021-06-08,17,19,39,43,47,49
2021-06-09,3,10,24,33,35,46
2021-06-09,29,34,39,40,46,47
2021-06-10,3,11,12,23,29,47
2021-06-10,18,22,25,32,40,49
2021-06-11,8,17,23,24,29,49
2021-06-11,10,23,29,34,43,44
2021-06-12,3,14,18,33,43,44
2021-06-12,9,17,19,28,35,48
2021-06-13,12,19,29,34,46,48
2021-06-13,15,16,23,32,34,47
2021-06-14,3,13,15,22,33,36
2021-06-14,7,14,15,16,22,26
2021-06-15,6,10,15,31,44,46
2021-06-15,10,14,19,24,25,47
2021-06-16,2,4,9,20,27,31
2021-06-16,5,7,12,27,31,42
2021-06-17,1,4,10,22,36,42
2021-06-17,1,7,8,18,24,33
2021-06-18,3,4,10,14,41,48
2021-06-18,4,5,10,26,36,45
2021-06-19,3,7,9,19,38,40
2021-06-19,3,11,14,16,28,41
2021-06-20,2,4,24,33,37,46
2021-06-20,9,12,17,25,38,39
2021-06-21,2,4,17,19,22,39
2021-06-21,16,17,35,36,40,42
2021-06-22,1,6,15,21,40,44
2021-06-22,19,20,37,39,41,45
2021-06-23,7,22,24,37,44,49
2021-06-23,25,29,32,37,39,44
2021-06-24,3,4,17,24,32,35
2021-06-24,4,21,28,31,33,40
2021-06-25,5,9,18,33,35,40
2021-06-25,6,10,19,31,41,43
2021-06-26,4,23,39,44,48,49
2021-06-26,7,13,20,25,36,42
2021-06-27,3,13,20,21,40,46
2021-06-27,9,12,31,36,46,49
2021-06-28,5,8,10,36,39,43
2021-06-28,11,15,16,20,23,39
2021-06-29,3,4,21,22,24,46
2021-06-29,6,9,25,35,41,47
2021-06-30,2,14,25,36,41,45
2021-06-30,4,6,33,34,36,39
2021-07-01,1,16,37,41,42,49
2021-07-01,9,17,20,39,40,42
2021-07-02,1,4,8,24,31,39
2021-07-02,2,7,19,23,34,47
2021-07-03,5,8,9,19,25,34
2021-07-03,5,12,15,29,32,34
2021-07-04,2,13,16,32,36,42
2021-07-04,3,12,23,37,38,47
2021-07-05,3,9,21,24,28,43
2021-07-05,7,18,20,21,27,29
2021-07-06,8,14,16,27,31,35
2021-07-06,24,35,40,41,45,46
2021-07-07,2,3,6,14,36,40
2021-07-07,7,29,33,34,38,42
2021-07-08,2,7,16,17,18,42
2021-07-08,17,18,23,27,29,30
2021-07-09,2,4,8,25,27,28
2021-07-09,3,7,11,13,44,46
2021-07-10,2,17,22,26,40,42
2021-07-10,11,16,20,24,27,37
2021-07-11,1,6,17,37,38,43
2021-07-11,2,3,10,13,22,30
2021-07-12,5,23,32,38,41,47
2021-07-12,11,12,22,34,39,44
2021-07-13,5,9,13,17,27,44
2021-07-13,14,21,23,26,33,42
2021-07-14,2,9,28,35,39,40
2021-07-14,18,29,39,42,45,48
2021-07-15,2,17,18,19,44,49
2021-07-15,13,19,27,36,45,49
2021-07-16,1,6,12,16,19,25
2021-07-16,23,27,33,40,45,46
2021-07-17,3,12,13,20,21,24
2021-07-17,14,17,26,30,34,44
2021-07-18,6,11,12,14,30,43
2021-07-18,11,15,24,31,34,44
2021-07-19,2,7,8,27,28,34
2021-07-19,10,16,23,26,37,39
2021-07-20,2,3,6,7,33,40
2021-07-20,11,14,28,33,39,48
2021-07-21,6,14,25,28,29,45
2021-07-21,7,9,12,26,44,46
2021-07-22,5,10,12,21,39,45
2021-07-22,10,13,16,19,40,49
2021-07-23,1,5,12,17,36,48
2021-07-23,7,11,21,36,38,45
2021-07-24,1,3,4,8,13,34
2021-07-24,12,16,26,35,44,49
2021-07-25,6,7,12,20,22,45
2021-07-25,8,16,17,19,20,49
2021-07-26,3,9,12,22,42,48
2021-07-26,3,15,35,36,40,46
2021-07-27,3,4,32,36,37,38
2021-07-27,15,20,28,32,42,45
2021-07-28,5,19,23,31,36,41
2021-07-28,9,14,16,20,28,37
2021-07-29,1,6,11,41,44,49
2021-07-29,12,17,21,33,46,47
2021-07-30,8,22,27,34,36,40
2021-07-30,25,30,38,43,44,47
2021-07-31,2,4,8,19,47,49
2021-07-31,16,25,38,39,40,45
2021-08-01,7,10,16,22,33,41
2021-08-01,7,20,27,28,29,31
2021-08-02,10,13,27,33,36,41
2021-08-02,12,18,22,29,39,47
2021-08-03,10,17,19,27,30,35
2021-08-03,13,14,23,34,38,45
2021-08-04,3,7,26,27,35,49
2021-08-04,4,11,12,34,35,38
2021-08-05,1,18,25,41,46,47
2021-08-05,5,8,20,29,31,33
2021-08-06,1,5,10,22,28,42
2021-08-06,2,9,22,27,41,48
2021-08-07,5,6,18,34,35,45
2021-08-07,20,21,24,42,48,49
2021-08-08,1,2,25,29,30,37
2021-08-08,9,11,18,25,36,38
2021-08-09,5,23,29,33,37,46
2021-08-09,19,24,27,28,36,48
2021-08-10,3,4,14,21,27,32
2021-08-10,8,19,25,27,34,45
2021-08-11,6,9,18,26,37,49
2021-08-11,18,23,25,30,33,35
2021-08-12,5,9,14,22,34,45
2021-08-12,6,37,39,41,44,49
2021-08-13,6,11,25,26,29,45
2021-08-13,17,18,21,40,42,47
2021-08-14,1,9,17,19,22,42
2021-08-14,11,15,22,39,42,49
2021-08-15,4,19,21,40,41,44
2021-08-15,23,31,36,39,44,46
2021-08-16,1,2,5,31,35,41
2021-08-16,18,23,37,39,41,45
2021-08-17,3,4,8,19,39,46
2021-08-17,3,11,26,31,33,41
2021-08-18,5,14,27,29,32,35
2021-08-18,15,17,23,32,41,43
2021-08-19,8,9,11,21,42,49
2021-08-19,15,19,20,28,31,46
2021-08-20,3,7,14,31,35,47
2021-08-20,5,9,12,34,35,41
2021-08-21,4,7,20,22,24,30
2021-08-21,6,13,19,24,34,39
2021-08-22,5,7,18,35,41,42
2021-08-22,9,15,19,22,31,43
2021-08-23,4,8,18,33,34,37
2021-08-23,14,16,19,26,33,39
2021-08-24,1,9,13,33,38,44
2021-08-24,4,6,13,36,42,44
2021-08-25,2,8,11,15,17,22
2021-08-25,7,9,18,34,35,36
2021-08-26,2,11,14,25,26,36
2021-08-26,3,11,25,31,36,49
2021-08-27,7,22,24,34,36,41
2021-08-27,10,12,13,14,33,38
2021-08-28,11,24,29,35,36,40
2021-08-28,19,23,35,37,42,48
2021-08-29,3,5,16,25,26,30
2021-08-29,3,9,32,39,45,47
2021-08-30,6,11,17,25,36,44
2021-08-30,7,20,21,26,40,45
2021-08-31,4,24,25,29,43,48
2021-08-31,18,21,25,28,30,36
2021-09-01,2,18,23,30,31,43
2021-09-01,3,17,26,31,34,38
2021-09-02,1,5,6,24,25,38
2021-09-02,3,6,9,15,40,41
2021-09-03,2,4,18,26,38,46
2021-09-03,4,5,34,42,46,49
2021-09-04,12,15,18,33,45,48
2021-09-04,14,16,17,35,39,49
2021-09-05,1,10,37,38,39,44
2021-09-05,4,5,14,16,19,42
2021-09-06,2,13,15,25,39,42
2021-09-06,2,14,19,30,38,48
2021-09-07,4,13,19,21,23,41
2021-09-07,9,12,17,35,48,49
2021-09-08,7,10,35,39,41,42
2021-09-08,8,9,14,15,29,47
2021-09-09,5,10,12,16,18,45
2021-09-09,8,10,15,20,25,30
2021-09-10,19,24,26,35,36,41
2021-09-10,20,26,31,32,36,40
2021-09-11,2,7,25,30,43,47
2021-09-11,14,26,39,40,41,46
2021-09-12,10,16,31,33,38,49
2021-09-12,13,21,23,32,35,39
2021-09-13,2,10,12,28,35,39
2021-09-13,4,12,16,17,43,48
2021-09-14,3,15,16,26,47,49
2021-09-14,11,32,34,38,39,46
2021-09-15,2,18,22,42,43,47
2021-09-15,4,5,6,32,34,43
2021-09-16,4,14,23,27,45,46
2021-09-16,15,17,23,24,45,48
2021-09-17,1,3,9,38,39,47
2021-09-17,12,13,19,26,35,39
2021-09-18,8,9,10,11,17,39
2021-09-18,13,19,31,42,43,45
2021-09-19,1,9,16,35,43,45
2021-09-19,6,9,15,18,38,47
2021-09-20,2,21,25,34,44,49
2021-09-20,4,9,26,35,39,40
2021-09-21,2,16,28,34,36,40
2021-09-21,6,9,13,16,37,47
2021-09-22,7,26,28,41,47,48
2021-09-22,16,17,22,25,35,37
2021-09-23,7,10,22,37,38,45
2021-09-23,9,21,25,33,40,43
2021-09-24,2,6,10,23,29,39
2021-09-24,7,14,17,34,40,47
2021-09-25,5,19,21,39,42,46
2021-09-25,12,20,27,34,39,43
2021-09-26,3,6,12,20,36,47
2021-09-26,6,11,27,29,41,44
2021-09-27,2,3,8,13,21,45
2021-09-27,7,22,24,26,36,41
2021-09-28,1,23,28,43,45,49
2021-09-28,1,27,30,35,36,49
2021-09-29,6,13,30,33,36,47
2021-09-29,11,12,26,33,40,43
2021-09-30,4,17,20,36,43,44
2021-09-30,12,17,29,37,38,40
2021-10-01,1,11,12,15,16,31
2021-10-01,3,12,30,33,40,41
2021-10-02,7,20,29,36,38,39
2021-10-02,15,17,20,26,39,43
2021-10-03,3,6,7,24,40,48
2021-10-03,23,27,30,37,40,42
2021-10-04,2,25,38,39,41,48
2021-10-04,7,22,27,40,41,49
2021-10-05,3,12,18,32,33,43
2021-10-05,12,21,27,34,37,49
2021-10-06,1,2,7,20,40,46
2021-10-06,8,21,24,36,39,41
2021-10-07,3,13,37,38,39,46
2021-10-07,6,21,25,36,42,47
2021-10-08,9,19,27,30,40,47
2021-10-08,9,22,32,33,40,49
2021-10-09,4,6,7,13,20,41
2021-10-09,13,16,18,20,25,49
2021-10-10,3,8,13,34,36,44
2021-10-10,4,11,12,18,29,36
2021-10-11,2,14,31,32,46,47
2021-10-11,22,26,30,32,33,34
2021-10-12,1,25,30,32,39,42
2021-10-12,2,4,5,7,14,32
2021-10-13,1,4,10,28,33,41
2021-10-13,20,24,31,38,39,47
2021-10-14,1,3,14,18,20,41
2021-10-14,13,18,28,33,37,39
2021-10-15,2,3,16,39,41,47
2021-10-15,2,9,26,34,35,36
2021-10-16,14,18,20,33,34,40
2021-10-16,15,22,27,34,36,44
2021-10-17,2,11,22,29,38,47
2021-10-17,2,11,24,27,33,38
2021-10-18,8,10,15,16,18,39
2021-10-18,13,22,28,40,44,48
2021-10-19,4,18,22,28,37,40
2021-10-19,8,11,20,28,32,44
2021-10-20,3,10,13,18,29,43
2021-10-20,4,9,24,30,40,44
2021-10-21,8,10,31,38,45,47
2021-10-21,24,27,42,44,47,48
2021-10-22,2,12,16,18,39,46
2021-10-22,9,31,33,35,44,48
2021-10-23,1,2,7,18,20,46
2021-10-23,2,10,11,12,33,45
2021-10-24,2,3,10,15,34,39
2021-10-24,13,16,19,39,40,44
2021-10-25,3,5,6,21,23,49
2021-10-25,14,19,21,31,40,41
2021-10-26,3,6,9,24,39,48
2021-10-26,6,26,32,34,39,46
2021-10-27,2,4,5,12,22,38
2021-10-27,20,28,32,35,41,48
2021-10-28,8,21,23,27,38,46
2021-10-28,23,31,35,37,42,47
2021-10-29,2,18,25,26,36,40
2021-10-29,12,13,18,33,34,38
2021-10-30,2,22,25,33,43,49
2021-10-30,7,14,16,33,43,49
2021-10-31,2,3,4,26,27,40
2021-10-31,10,25,32,33,36,43
2021-11-01,2,10,11,18,44,47
2021-11-01,17,20,34,45,46,48
2021-11-02,3,11,13,24,43,45
2021-11-02,3,12,20,35,36,48
2021-11-03,7,15,29,30,47,49
2021-11-03,20,21,39,41,48,49
2021-11-04,4,16,17,21,33,47
2021-11-04,22,23,35,36,37,49
2021-11-05,2,7,13,21,40,49
2021-11-05,11,13,16,27,32,42
2021-11-06,5,7,18,28,32,41
2021-11-06,5,11,18,28,36,43
2021-11-07,1,2,3,28,41,46
2021-11-07,1,10,16,19,30,48
2021-11-08,2,10,21,29,43,49
2021-11-08,7,10,11,19,22,39
2021-11-09,1,14,38,40,44,47
2021-11-09,4,6,11,15,16,45
2021-11-10,1,4,28,29,36,42
2021-11-10,24,33,37,40,41,42
2021-11-11,6,22,27,34,35,37
2021-11-11,7,18,23,24,27,46
2021-11-12,4,5,30,42,48,49
2021-11-12,6,22,27,34,36,44
2021-11-13,3,16,20,25,42,48
2021-11-13,4,6,19,26,35,45
2021-11-14,1,2,10,31,40,46
2021-11-14,6,14,27,35,41,42
2021-11-15,4,14,18,27,33,47
2021-11-15,13,18,30,32,41,43
2021-11-16,4,8,15,18,19,45
2021-11-16,10,13,16,34,41,47
2021-11-17,1,4,16,34,35,40
2021-11-17,6,18,19,24,29,37
2021-11-18,5,13,24,27,30,41
2021-11-18,10,34,36,44,46,49
2021-11-19,5,8,10,43,44,47
2021-11-19,6,7,18,22,40,47
2021-11-20,4,7,29,36,42,46
2021-11-20,10,32,37,38,40,45
2021-11-21,3,8,12,14,26,47
2021-11-21,11,14,25,28,37,41
2021-11-22,7,13,17,19,23,41
2021-11-22,13,21,37,38,43,45
2021-11-23,15,31,34,45,46,49
2021-11-23,18,19,22,36,39,49
2021-11-24,2,3,28,37,39,49
2021-11-24,4,18,27,29,40,46
2021-11-25,4,5,22,31,40,43
2021-11-25,13,19,27,33,34,41
2021-11-26,5,10,16,23,25,29
2021-11-26,7,14,16,24,42,47
2021-11-27,7,26,28,32,40,41
2021-11-27,9,11,24,26,27,38
2021-11-28,1,13,16,19,34,44
2021-11-28,7,11,24,30,35,46
2021-11-29,6,15,31,32,43,46
2021-11-29,10,11,21,26,33,37
2021-11-30,4,16,17,26,28,39
2021-11-30,7,16,30,32,36,49
2021-12-01,2,5,8,12,14,41
2021-12-01,2,8,16,20,33,39
2021-12-02,1,2,14,24,28,47
2021-12-02,1,15,20,31,33,46
2021-12-03,2,4,24,28,35,46
2021-12-03,11,12,14,19,42,44
2021-12-04,3,9,13,26,34,45
2021-12-04,3,20,22,35,43,49
2021-12-05,1,3,23,40,48,49
2021-12-05,2,13,18,28,47,48
2021-12-06,1,3,16,19,23,29
2021-12-06,10,17,20,28,34,37
2021-12-07,3,23,35,36,42,47
2021-12-07,16,20,30,42,44,47
2021-12-08,1,3,10,14,22,43
2021-12-08,4,8,16,36,46,48
2021-12-09,2,15,32,41,43,49
2021-12-09,3,22,23,31,43,45
2021-12-10,1,8,9,19,38,47
2021-12-10,4,6,11,12,33,35
2021-12-11,2,5,20,22,35,38
2021-12-11,18,21,22,33,39,43
2021-12-12,2,3,23,35,46,48
2021-12-12,5,13,19,26,27,46
2021-12-13,6,9,20,25,33,36
2021-12-13,8,13,19,43,45,49
2021-12-14,1,8,9,12,28,44
2021-12-14,13,25,32,35,39,46
2021-12-15,3,4,21,39,40,46
2021-12-15,10,12,14,39,47,48
2021-12-16,3,6,8,14,15,29
2021-12-16,15,19,33,35,37,39
2021-12-17,4,13,18,20,30,39
2021-12-17,5,7,10,11,28,34
2021-12-18,2,3,24,32,35,46
2021-12-18,10,16,17,33,38,42
2021-12-19,6,20,33,44,45,47
2021-12-19,9,18,21,22,25,44
2021-12-20,2,14,15,24,36,45
2021-12-20,8,16,20,26,29,47
2021-12-21,1,23,32,36,40,48
2021-12-21,11,12,22,28,29,32
2021-12-22,1,15,20,36,38,41
2021-12-22,3,7,11,13,19,20
2021-12-23,5,14,16,17,19,31
2021-12-23,20,24,27,41,43,47
2021-12-24,3,5,18,23,30,34
2021-12-24,9,12,16,28,31,37
2021-12-26,7,9,19,24,26,40
2021-12-26,12,15,31,35,45,47
2021-12-27,3,12,21,36,41,45
2021-12-27,17,18,20,27,39,48
2021-12-28,3,15,22,25,26,37
2021-12-28,12,19,36,38,43,46
2021-12-29,5,6,7,12,40,47
2021-12-29,5,15,16,33,34,39
2021-12-30,2,31,37,38,44,47
2021-12-30,4,15,20,27,36,39
2021-12-31,3,8,18,35,44,49
2021-12-31,11,14,29,30,31,36
2022-01-01,5,8,25,31,42,44
2022-01-01,5,18,28,33,41,47
2022-01-02,5,20,29,30,44,49
2022-01-02,24,31,37,42,47,49
2022-01-03,12,16,19,30,44,45
2022-01-03,17,25,33,35,41,47
2022-01-04,7,12,23,25,27,30
2022-01-04,24,28,29,30,35,42
2022-01-05,2,8,11,21,33,41
2022-01-05,11,16,28,31,36,49
2022-01-06,1,6,8,14,41,42
2022-01-06,4,17,23,35,37,47
2022-01-07,5,7,17,28,30,37
2022-01-07,12,23,31,37,44,49
2022-01-08,6,14,29,37,44,48
2022-01-08,13,19,24,27,31,39
2022-01-09,3,10,20,32,33,43
2022-01-09,4,5,6,21,33,39
2022-01-10,14,23,26,32,40,48
2022-01-10,23,25,35,41,45,49
2022-01-11,2,5,22,33,34,45
2022-01-11,26,30,33,42,43,48
2022-01-12,2,9,24,26,39,41
2022-01-12,15,23,32,38,41,46
2022-01-13,2,13,25,30,44,46
2022-01-13,2,29,32,38,41,44
2022-01-14,2,3,6,9,38,48
2022-01-14,10,14,22,36,37,48
2022-01-15,1,4,24,26,32,41
2022-01-15,4,5,19,29,37,44
2022-01-16,3,14,16,24,29,49
2022-01-16,4,6,8,25,37,43
2022-01-17,4,5,14,16,25,35
2022-01-17,15,19,26,36,45,48
2022-01-18,2,7,15,18,25,35
2022-01-18,15,23,29,36,37,46
2022-01-19,2,26,29,37,42,49
2022-01-19,5,25,38,41,43,45
2022-01-20,6,10,15,30,33,47
2022-01-20,9,24,27,39,40,44
2022-01-21,3,22,30,31,34,48
2022-01-21,4,14,19,22,30,35
2022-01-22,5,10,21,26,37,41
2022-01-22,7,8,15,16,20,24
2022-01-23,1,4,14,18,21,29
2022-01-23,15,22,31,36,44,45
2022-01-24,3,11,20,27,31,32
2022-01-24,7,11,13,27,46,49
2022-01-25,3,25,42,43,44,47
2022-01-25,5,19,22,23,24,39
2022-01-26,1,6,10,17,22,44
2022-01-26,9,15,19,29,37,47
2022-01-27,2,7,12,32,37,46
2022-01-27,7,9,11,31,33,35
2022-01-28,3,12,28,36,39,42
2022-01-28,4,20,22,24,41,44
2022-01-29,1,22,23,25,28,35
2022-01-29,14,30,34,37,40,41
2022-01-30,5,13,16,24,31,48
2022-01-30,10,15,22,24,29,39
2022-01-31,3,15,20,38,42,49
2022-01-31,13,18,30,41,46,49
2022-02-01,3,4,8,22,46,49
2022-02-01,17,24,37,40,45,47
2022-02-02,3,5,20,24,30,45
2022-02-02,7,20,22,26,38,45
2022-02-03,8,16,23,31,36,38
2022-02-03,10,11,12,18,25,43
2022-02-04,3,6,11,13,22,33
2022-02-04,4,12,13,16,17,28
2022-02-05,1,17,18,22,23,39
2022-02-05,2,4,9,12,17,43
2022-02-06,2,3,6,21,28,49
2022-02-06,6,8,11,13,32,34
2022-02-07,7,10,33,43,44,47
2022-02-07,7,13,19,38,43,47
2022-02-08,2,3,15,19,32,38
2022-02-08,17,27,34,35,42,45
2022-02-09,8,19,20,32,35,48
2022-02-09,10,12,19,28,40,42
2022-02-10,2,9,37,39,43,48
2022-02-10,12,21,28,36,44,48
2022-02-11,13,16,23,28,35,44
2022-02-11,17,30,31,33,47,48
2022-02-12,2,10,17,24,28,40
2022-02-12,3,14,16,21,28,40
2022-02-13,1,6,11,12,23,42
2022-02-13,6,9,25,31,39,42
2022-02-14,2,8,16,20,29,31
2022-02-14,9,11,15,18,33,36
2022-02-15,1,15,20,32,33,42
2022-02-15,6,7,8,10,16,28
2022-02-16,1,8,14,17,24,26
2022-02-16,3,12,26,32,40,46
2022-02-17,1,26,29,30,44,47
2022-02-17,11,13,18,28,38,47
2022-02-18,2,3,9,25,33,45
2022-02-18,2,15,20,38,40,47
2022-02-19,5,30,33,40,43,45
2022-02-19,12,25,32,43,44,47
2022-02-20,7,11,24,38,43,47
2022-02-20,8,14,19,31,45,48
2022-02-21,6,12,19,27,37,48
2022-02-21,7,11,12,18,31,35
2022-02-22,1,5,11,16,32,35
2022-02-22,7,10,36,39,42,44
2022-02-23,1,2,15,24,31,42
2022-02-23,2,12,22,24,33,39
2022-02-24,4,5,9,16,20,40
2022-02-24,16,18,39,46,48,49
2022-02-25,3,4,14,16,34,40
2022-02-25,6,8,23,24,46,47
2022-02-26,1,5,6,28,36,40
2022-02-26,5,6,7,8,30,31
2022-02-27,1,8,18,20,23,38
2022-02-27,18,23,32,35,41,46
2022-02-28,4,5,8,16,29,40
2022-02-28,6,17,20,22,30,37
2022-03-01,3,16,17,36,43,46
2022-03-01,8,22,29,38,44,45
2022-03-02,11,30,39,44,45,49
2022-03-02,21,23,39,43,45,46
2022-03-03,3,11,12,20,24,48
2022-03-03,8,9,18,22,30,49
2022-03-04,2,5,21,37,38,43
2022-03-04,21,25,28,32,37,47
2022-03-05,1,9,12,27,36,48
2022-03-05,6,9,13,21,26,49
2022-03-06,1,6,10,13,21,39
2022-03-06,8,22,30,31,42,48
2022-03-07,3,7,26,30,37,39
2022-03-07,6,17,25,26,41,49
2022-03-08,8,13,16,28,32,48
2022-03-08,9,27,30,31,41,47
2022-03-09,1,21,28,30,44,47
2022-03-09,12,18,27,30,32,45
2022-03-10,1,4,6,9,17,41
2022-03-10,11,22,30,34,36,47
2022-03-11,6,20,31,32,38,48
2022-03-11,23,28,40,44,48,49
2022-03-12,4,17,21,26,27,47
2022-03-12,28,33,34,38,40,48
2022-03-13,1,9,15,16,36,38
2022-03-13,6,7,14,23,27,35
2022-03-14,5,20,28,37,42,45
2022-03-14,13,15,28,29,32,37
2022-03-15,5,14,22,27,29,30
2022-03-15,16,19,32,38,41,46
2022-03-16,6,16,22,26,35,40
2022-03-16,13,14,30,40,41,47
2022-03-17,4,9,15,34,46,49
2022-03-17,8,11,15,23,30,47
2022-03-18,3,19,31,33,37,46
2022-03-18,22,35,40,44,45,47
2022-03-19,9,11,20,34,38,42
2022-03-19,10,11,15,24,26,42
2022-03-20,1,11,19,35,45,47
2022-03-20,3,13,14,26,32,46
2022-03-21,1,17,18,38,42,48
2022-03-21,8,16,32,33,37,42
2022-03-22,1,23,25,38,39,43
2022-03-22,2,23,28,33,44,49
2022-03-23,4,10,11,15,27,32
2022-03-23,9,23,35,38,41,42
2022-03-24,7,12,36,37,42,46
2022-03-24,16,19,22,26,32,34
2022-03-25,17,27,33,40,42,47
2022-03-25,22,23,26,27,37,47
2022-03-26,4,12,27,37,44,45
2022-03-26,15,18,32,40,47,48
2022-03-27,6,14,22,30,43,45
2022-03-27,12,13,20,22,28,38
2022-03-28,9,19,25,31,38,45
2022-03-28,19,21,22,30,31,49
2022-03-29,7,8,14,19,22,27
2022-03-29,7,9,19,20,34,46
2022-03-30,3,15,20,28,31,47
2022-03-30,7,15,32,35,46,48
2022-03-31,2,10,33,35,38,41
2022-03-31,11,16,26,28,29,46
2022-04-01,3,4,9,33,37,39
2022-04-01,5,7,13,19,32,47
2022-04-02,1,2,18,23,43,44
2022-04-02,13,18,28,36,39,45
2022-04-03,4,24,25,41,42,49
2022-04-03,5,6,18,25,33,42
2022-04-04,1,5,15,26,29,41
2022-04-04,2,4,5,14,31,36
2022-04-05,1,5,10,17,21,43
2022-04-05,8,11,24,25,26,44
2022-04-06,5,24,29,33,40,47
2022-04-06,8,9,18,25,33,43
2022-04-07,1,6,9,31,32,40
2022-04-07,14,22,31,34,38,41
2022-04-08,2,10,11,18,47,48
2022-04-08,4,6,14,30,36,39
2022-04-09,1,4,17,23,43,45
2022-04-09,10,18,31,34,42,48
2022-04-10,4,6,11,18,28,36
2022-04-10,16,21,37,39,43,46
2022-04-11,7,9,13,19,25,45
2022-04-11,7,10,13,32,38,46
2022-04-12,3,9,11,16,25,37
2022-04-12,5,10,19,35,43,48
2022-04-13,2,12,29,30,40,44
2022-04-13,11,15,24,26,43,46
2022-04-14,9,14,20,36,39,46
2022-04-14,12,13,18,23,34,47
2022-04-15,1,3,20,32,35,36
2022-04-15,1,23,38,41,46,47
2022-04-16,4,7,9,11,13,33
2022-04-16,10,27,35,38,45,48
2022-04-17,1,8,23,29,30,34
2022-04-17,17,25,30,33,43,44
2022-04-18,7,22,34,36,37,49
2022-04-18,11,21,23,36,44,46
2022-04-19,1,3,4,7,27,34
2022-04-19,3,12,15,33,45,46
2022-04-20,2,6,11,18,36,38
2022-04-20,16,26,27,37,43,49
2022-04-21,4,8,20,29,35,48
2022-04-21,8,9,31,41,47,49
2022-04-22,1,3,4,5,38,42
2022-04-22,5,10,13,19,42,48
2022-04-23,10,16,19,30,32,43
2022-04-23,21,24,25,35,43,49
2022-04-24,1,9,13,14,24,44
2022-04-24,7,8,27,31,36,37
2022-04-25,3,11,14,17,42,46
2022-04-25,8,20,33,34,35,37
2022-04-26,1,5,36,38,45,48
2022-04-26,18,21,33,41,47,48
2022-04-27,1,7,12,14,15,31
2022-04-27,17,22,29,34,36,48
2022-04-28,1,6,21,24,35,47
2022-04-28,11,16,17,24,38,41
2022-04-29,6,9,21,30,38,40
2022-04-29,19,20,26,32,37,45
2022-04-30,2,3,31,32,37,42
2022-04-30,2,21,22,24,43,49
2022-05-01,3,14,15,25,28,46
2022-05-01,10,14,17,28,30,32
2022-05-02,4,6,12,21,30,47
2022-05-02,14,20,23,25,34,38
2022-05-03,10,17,22,24,41,42
2022-05-03,11,23,27,42,48,49
2022-05-04,5,17,20,32,38,48
2022-05-04,7,23,33,37,40,43
2022-05-05,11,17,23,28,30,43
2022-05-05,24,29,33,38,40,46
2022-05-06,1,3,14,25,41,44
2022-05-06,9,29,37,40,42,49
2022-05-07,2,4,9,11,17,22
2022-05-07,4,14,19,24,31,40
2022-05-08,3,12,22,34,35,48
2022-05-08,6,28,30,32,36,37
2022-05-09,3,14,16,22,39,47
2022-05-09,9,10,21,35,38,39
2022-05-10,2,9,17,20,22,39
2022-05-10,2,10,23,36,40,49
2022-05-11,5,10,13,24,25,36
2022-05-11,6,10,14,17,28,45
2022-05-12,2,6,27,32,34,43
2022-05-12,2,8,17,38,39,40
2022-05-13,2,4,17,24,30,31
2022-05-13,20,24,27,29,33,37
2022-05-14,10,12,22,28,30,35
2022-05-14,10,17,20,23,35,45
2022-05-15,4,13,14,18,34,38
2022-05-15,19,23,30,33,45,47
2022-05-16,4,10,25,30,34,37
2022-05-16,10,17,18,27,37,39
2022-05-17,8,15,20,21,22,43
2022-05-17,15,23,24,33,34,48
2022-05-18,1,7,22,33,35,37
2022-05-18,3,6,8,21,27,30
2022-05-19,7,14,21,34,35,36
2022-05-19,7,15,21,29,42,45
2022-05-20,10,11,23,38,42,47
2022-05-20,18,24,30,35,44,46
2022-05-21,10,15,33,39,45,46
2022-05-21,13,14,33,40,42,43
2022-05-22,8,12,29,38,39,43
2022-05-22,12,16,21,31,36,48
2022-05-23,5,12,25,34,43,45
2022-05-23,12,19,23,24,34,49
2022-05-24,5,10,27,29,36,37
2022-05-24,9,16,28,35,45,46
2022-05-25,6,9,21,23,40,43
2022-05-25,7,17,19,25,28,33
2022-05-26,2,3,23,26,40,46
2022-05-26,14,16,22,41,46,47
2022-05-27,6,8,17,28,41,49
2022-05-27,14,17,21,22,39,48
2022-05-28,3,4,21,25,28,45
2022-05-28,3,12,16,18,23,48
2022-05-29,2,4,29,31,42,43
2022-05-29,5,8,10,23,39,41
2022-05-30,3,9,24,27,40,43
2022-05-30,20,27,42,44,45,48
2022-05-31,5,6,28,39,47,49
2022-05-31,10,27,31,34,39,44
2022-06-01,1,4,6,9,17,33
2022-06-01,1,13,20,37,42,43
2022-06-02,6,22,27,39,43,44
2022-06-02,8,9,34,37,42,45
2022-06-03,4,6,11,25,27,42
2022-06-03,13,23,25,29,40,44
2022-06-04,1,7,11,21,27,44
2022-06-04,6,8,9,20,44,47
2022-06-05,10,11,24,31,33,46
2022-06-05,14,15,25,27,29,40
2022-06-06,1,3,25,26,39,47
2022-06-06,4,12,13,14,25,41
2022-06-07,2,4,13,19,29,36
2022-06-07,6,13,15,23,26,42
2022-06-08,14,15,18,24,25,33
2022-06-08,17,19,23,38,41,46
2022-06-09,5,18,23,26,37,47
2022-06-09,9,21,33,34,43,48
2022-06-10,9,12,14,19,24,43
2022-06-10,12,24,29,32,41,48
2022-06-11,5,15,21,23,30,34
2022-06-11,12,24,35,38,43,47
2022-06-12,1,3,22,23,25,26
2022-06-12,13,18,21,22,26,30
2022-06-13,7,9,16,18,22,33
2022-06-13,13,17,19,29,34,45
2022-06-14,2,14,17,19,23,45
2022-06-14,7,8,9,15,16,35
2022-06-15,1,2,12,15,21,32
2022-06-15,3,5,11,14,32,45
2022-06-16,11,22,23,32,35,43
2022-06-16,14,20,24,27,30,39
2022-06-17,5,6,13,17,19,33
2022-06-17,15,16,26,30,39,44
2022-06-18,3,14,19,21,23,26
2022-06-18,15,26,37,39,47,48
2022-06-19,4,16,21,27,39,44
2022-06-19,8,13,20,21,29,48
2022-06-20,2,3,5,27,34,42
2022-06-20,13,17,19,25,33,40
2022-06-21,3,4,20,31,33,45
2022-06-21,5,18,32,35,41,42
2022-06-22,2,4,16,22,28,32
2022-06-22,24,26,40,42,43,46
2022-06-23,8,14,15,33,41,44
2022-06-23,12,13,19,27,37,45
2022-06-24,7,8,16,21,30,36
2022-06-24,13,26,27,32,36,42
2022-06-25,4,8,23,32,42,47
2022-06-25,13,16,21,35,36,42
2022-06-26,4,12,13,25,34,35
2022-06-26,12,16,27,29,35,38
2022-06-27,9,16,20,38,41,49
2022-06-27,11,24,26,28,37,40
2022-06-28,2,18,19,26,31,46
2022-06-28,9,15,21,31,43,46
2022-06-29,10,18,35,39,40,44
2022-06-29,12,19,20,21,22,36
2022-06-30,2,9,10,19,32,33
2022-06-30,5,8,19,25,41,46
2022-07-01,3,18,21,27,29,30
2022-07-01,10,22,25,28,33,45
2022-07-02,2,10,16,18,26,38
2022-07-02,12,13,30,43,44,48
2022-07-03,1,25,28,30,41,47
2022-07-03,13,19,20,26,39,49
2022-07-04,3,14,15,21,31,47
2022-07-04,15,16,23,26,34,42
2022-07-05,7,15,21,30,31,37
2022-07-05,14,15,18,27,30,43
2022-07-06,1,2,3,5,24,49
2022-07-06,6,10,11,12,22,34
2022-07-07,8,33,35,41,42,48
2022-07-07,14,24,29,33,34,41
2022-07-08,4,12,17,20,23,25
2022-07-08,11,38,43,45,47,48
2022-07-09,8,9,21,33,39,47
2022-07-09,8,11,23,25,36,41
2022-07-10,4,12,18,24,27,28
2022-07-10,10,27,28,36,38,49
2022-07-11,5,7,13,21,39,48
2022-07-11,10,11,12,22,37,38
2022-07-12,2,8,30,34,37,47
2022-07-12,23,29,30,40,46,49
2022-07-13,4,8,18,22,38,49
2022-07-13,13,18,24,30,35,45
2022-07-14,2,15,29,34,39,44
2022-07-14,18,33,39,41,46,48
2022-07-15,4,15,31,33,39,45
2022-07-15,5,15,16,18,46,47
2022-07-16,2,10,31,32,42,49
2022-07-16,5,11,23,29,40,46
2022-07-17,1,19,20,29,38,40
2022-07-17,3,24,30,34,37,45
2022-07-18,7,12,14,19,42,43
2022-07-18,17,18,21,26,28,32
2022-07-19,7,11,32,40,41,44
2022-07-19,7,12,23,24,25,43
2022-07-20,4,9,12,31,32,44
2022-07-20,7,9,12,15,23,42
2022-07-21,4,8,13,29,35,42
2022-07-21,5,8,9,17,23,35
2022-07-22,2,18,26,29,37,38
2022-07-22,10,14,33,36,40,42
2022-07-23,2,4,10,19,20,37
2022-07-23,5,7,8,11,25,40
2022-07-24,3,10,14,19,31,44
2022-07-24,4,22,25,28,30,48
2022-07-25,3,8,19,25,34,41
2022-07-25,11,12,16,21,28,30
2022-07-26,3,5,11,15,28,47
2022-07-26,4,7,29,34,43,45
2022-07-27,1,10,11,12,25,44
2022-07-27,5,9,10,19,20,38
2022-07-28,2,6,11,22,33,40
2022-07-28,27,36,44,45,47,49
2022-07-29,1,3,4,17,28,37
2022-07-29,11,20,27,29,30,44
2022-07-30,3,6,19,31,37,42
2022-07-30,11,15,23,31,41,42
2022-07-31,10,11,16,17,31,35
2022-07-31,16,19,24,33,40,43
2022-08-01,5,15,16,24,35,37
2022-08-01,8,9,11,13,28,40
2022-08-02,1,26,29,37,45,46
2022-08-02,7,23,29,32,39,44
2022-08-03,2,7,11,12,37,48
2022-08-03,5,10,21,23,30,49
2022-08-04,5,7,13,40,44,46
2022-08-04,9,10,17,23,25,37
2022-08-05,2,13,22,36,38,39
2022-08-05,7,17,19,20,28,49
2022-08-06,3,11,31,45,46,49
2022-08-06,6,9,19,21,32,41
2022-08-07,2,7,8,29,34,40
2022-08-07,9,11,18,21,36,46
2022-08-08,3,9,11,12,22,24
2022-08-08,8,21,37,39,40,48
2022-08-09,6,26,41,42,44,48
2022-08-09,11,17,32,34,46,47
2022-08-10,2,4,7,22,23,25
2022-08-10,18,21,28,32,41,45
2022-08-11,8,11,22,30,38,44
2022-08-11,15,20,21,31,34,42
2022-08-12,8,14,15,40,43,45
2022-08-12,8,28,37,39,40,48
2022-08-13,3,5,10,21,39,41
2022-08-13,11,14,15,26,30,46
2022-08-14,3,8,9,30,31,37
2022-08-14,7,20,24,26,44,48
2022-08-15,3,8,17,25,29,48
2022-08-15,20,26,38,39,48,49
2022-08-16,8,12,28,32,44,45
2022-08-16,10,19,21,24,35,37
2022-08-17,2,5,8,13,31,36
2022-08-17,5,11,20,28,47,48
2022-08-18,4,12,34,36,41,49
2022-08-18,10,11,12,35,39,41
2022-08-19,1,8,9,23,30,42
2022-08-19,14,24,27,29,35,39
2022-08-20,1,11,15,19,36,43
2022-08-20,13,16,19,25,38,40
2022-08-21,2,3,4,5,7,13
2022-08-21,2,9,12,20,25,40
2022-08-22,8,12,21,30,39,49
2022-08-22,17,18,20,23,32,43
2022-08-23,2,7,16,22,34,48
2022-08-23,3,10,14,23,41,49
2022-08-24,11,14,25,31,43,49
2022-08-24,19,22,24,38,40,47
2022-08-25,1,9,30,39,40,47
2022-08-25,10,20,24,28,30,45
2022-08-26,4,8,17,20,22,38
2022-08-26,6,8,20,34,40,42
2022-08-27,3,9,20,32,33,47
2022-08-27,3,29,37,38,43,47
2022-08-28,3,4,19,36,44,49
2022-08-28,13,24,31,34,35,40
2022-08-29,2,9,11,12,36,43
2022-08-29,9,14,15,17,38,42
2022-08-30,6,9,18,28,35,48
2022-08-30,14,25,28,29,34,42
2022-08-31,3,6,11,22,33,37
2022-08-31,4,11,19,21,45,47
2022-09-01,1,2,12,17,32,43
2022-09-01,2,4,6,17,19,25
2022-09-02,3,4,5,21,28,41
2022-09-02,13,16,23,33,40,49
2022-09-03,5,33,42,43,46,49
2022-09-03,7,30,33,34,38,39
2022-09-04,1,12,13,26,34,39
2022-09-04,4,8,10,27,45,46
2022-09-05,3,7,8,21,35,40
2022-09-05,11,17,22,42,47,48
2022-09-06,1,6,24,28,40,41
2022-09-06,6,10,24,32,44,48
2022-09-07,1,6,21,37,38,39
2022-09-07,2,11,17,25,35,38
2022-09-08,3,14,16,21,41,45
2022-09-08,20,31,35,38,40,42
2022-09-10,5,11,22,32,39,46
2022-09-10,19,36,38,39,43,46
2022-09-11,6,12,14,15,24,31
2022-09-11,12,14,36,43,44,46
2022-09-12,1,6,23,32,40,45
2022-09-12,11,21,26,28,33,38
2022-09-13,2,8,15,20,34,43
2022-09-13,2,13,21,22,25,40
2022-09-14,2,22,34,37,42,45
2022-09-14,5,6,12,13,24,45
2022-09-15,3,4,29,33,39,45
2022-09-15,16,19,20,31,33,48
2022-09-16,3,9,20,39,45,48
2022-09-16,5,6,12,18,26,46
2022-09-17,5,11,17,25,30,32
2022-09-17,10,21,24,34,35,37
2022-09-18,4,18,21,23,30,33
2022-09-18,7,19,31,37,40,47
2022-09-20,4,15,26,33,35,47
2022-09-20,19,20,23,32,37,47
2022-09-21,1,7,12,22,35,43
2022-09-21,2,29,35,38,43,48
2022-09-22,2,7,10,13,22,30
2022-09-22,18,20,26,44,45,46
2022-09-23,9,12,20,25,32,39
2022-09-23,12,17,24,40,47,49
2022-09-24,12,20,27,28,37,49
2022-09-24,18,19,28,34,43,48
2022-09-25,10,14,22,23,37,46
2022-09-25,17,20,25,36,38,42
2022-09-26,3,9,32,34,36,45
2022-09-26,7,10,18,45,46,48
2022-09-27,6,12,16,22,35,48
2022-09-27,14,17,28,33,35,41
2022-09-28,2,13,14,30,44,47
2022-09-28,4,7,14,23,43,47
2022-09-29,1,10,28,29,40,43
2022-09-29,3,4,13,21,24,39
2022-09-30,4,15,16,29,32,49
2022-09-30,17,18,20,26,34,37
2022-10-01,1,2,3,12,15,35
2022-10-01,5,6,7,8,26,46
2022-10-02,3,14,21,29,35,45
2022-10-02,8,12,15,28,31,37
2022-10-03,8,12,16,24,33,46
2022-10-03,14,20,25,30,41,44
2022-10-04,4,6,23,27,29,39
2022-10-04,8,25,35,41,43,48
2022-10-05,8,10,12,34,38,46
2022-10-05,15,20,22,24,43,46
2022-10-06,1,3,6,23,29,37
2022-10-06,6,17,28,31,33,37
2022-10-07,2,8,17,24,45,48
2022-10-07,4,5,20,31,39,43
2022-10-08,3,18,25,28,35,45
2022-10-08,5,15,22,27,28,43
2022-10-09,1,2,18,20,27,49
2022-10-09,2,4,11,20,32,49
2022-10-10,2,4,5,16,28,48
2022-10-10,8,22,28,35,48,49
2022-10-11,12,17,19,23,34,41
2022-10-11,15,25,29,32,39,42
2022-10-12,5,7,9,13,23,38
2022-10-12,5,8,16,22,26,33
2022-10-13,1,3,4,33,37,48
2022-10-13,7,17,25,36,38,45
2022-10-14,5,18,36,37,39,47
2022-10-14,22,25,39,40,41,45
2022-10-15,3,4,8,11,22,48
2022-10-15,22,26,31,40,41,44
2022-10-16,2,10,37,41,44,48
2022-10-16,6,17,42,43,44,48
2022-10-17,6,9,20,25,35,47
2022-10-17,6,18,19,22,30,39
2022-10-18,4,29,33,37,40,43
2022-10-18,16,21,35,40,47,48
2022-10-19,4,14,19,22,30,46
2022-10-19,15,27,31,37,38,42
2022-10-20,2,7,13,25,34,45
2022-10-20,5,23,28,30,33,37
2022-10-21,3,7,14,17,28,35
2022-10-21,4,23,26,34,41,43
2022-10-22,2,11,24,34,39,44
2022-10-22,10,14,18,21,41,43
2022-10-23,7,18,25,27,28,32
2022-10-23,21,32,34,40,44,49
2022-10-24,2,9,28,40,41,47
2022-10-24,4,22,27,29,36,37
2022-10-25,5,8,12,19,24,49
2022-10-25,10,11,15,18,30,47
2022-10-26,2,3,4,7,31,36
2022-10-26,6,18,30,32,43,49
2022-10-27,5,27,28,38,44,49
2022-10-27,6,9,17,21,26,47
2022-10-28,8,13,21,31,34,39
2022-10-28,19,21,33,34,36,41
2022-10-29,1,24,25,28,44,46
2022-10-29,7,11,15,22,23,26
2022-10-30,4,9,21,25,34,44
2022-10-30,18,19,22,23,28,40
2022-10-31,2,12,17,18,24,30
2022-10-31,13,19,33,37,38,39
2022-11-01,6,16,22,25,26,44
2022-11-01,7,20,28,31,35,48
2022-11-02,4,7,11,19,21,42
2022-11-02,6,8,28,34,37,46
2022-11-03,10,14,25,26,28,46
2022-11-03,16,19,26,27,35,38
2022-11-04,10,15,19,28,48,49
2022-11-04,11,27,29,35,46,47
2022-11-05,3,7,21,23,36,49
2022-11-05,4,8,25,26,37,41
2022-11-06,7,15,25,36,39,48
2022-11-06,26,29,33,37,42,46
2022-11-07,1,12,24,33,39,47
2022-11-07,13,15,18,23,45,49
2022-11-08,11,28,32,35,41,44
2022-11-08,16,26,34,35,44,47
2022-11-09,2,17,29,33,39,46
2022-11-09,7,10,12,16,34,46
2022-11-10,6,10,12,18,19,28
2022-11-10,10,17,18,21,37,47
2022-11-11,5,10,23,25,32,37
2022-11-11,12,13,15,18,22,47
2022-11-12,4,6,21,34,40,48
2022-11-12,4,23,29,32,45,48
2022-11-13,3,11,12,30,36,42
2022-11-13,7,14,20,22,46,48
2022-11-14,4,15,22,24,42,43
2022-11-14,21,28,30,33,40,47
2022-11-15,2,4,11,18,41,44
2022-11-15,21,25,28,36,38,40
2022-11-16,7,16,17,27,31,47
2022-11-16,12,18,19,29,31,46
2022-11-17,1,11,17,19,27,30
2022-11-17,1,17,40,41,45,47
2022-11-18,8,10,18,33,45,47
2022-11-18,12,20,22,32,35,47
2022-11-19,2,4,6,9,31,37
2022-11-19,5,7,12,30,36,44
2022-11-20,2,3,7,25,40,41
2022-11-20,6,8,12,24,36,46
2022-11-21,5,9,10,23,39,43
2022-11-21,12,19,23,25,42,48
2022-11-22,7,26,32,33,43,47
2022-11-22,15,32,39,40,47,49
2022-11-23,2,5,15,39,42,46
2022-11-23,3,20,24,40,41,46
2022-11-24,4,19,25,26,33,47
2022-11-24,12,13,15,26,35,40
2022-11-25,4,19,20,36,43,46
2022-11-25,8,11,12,14,37,43
2022-11-26,1,22,36,44,45,47
2022-11-26,5,7,13,15,43,46
2022-11-27,1,5,8,19,21,44
2022-11-27,5,13,23,24,43,49
2022-11-28,2,7,8,14,25,47
2022-11-28,5,8,10,35,39,42
2022-11-29,3,8,10,20,22,29
2022-11-29,4,10,16,19,35,43
2022-11-30,1,2,5,17,41,42
2022-11-30,3,12,19,20,29,34
2022-12-01,2,22,23,27,31,36
2022-12-01,4,15,29,34,35,42
2022-12-02,5,6,11,20,42,43
2022-12-02,11,12,29,39,41,43
2022-12-03,6,17,19,25,30,38
2022-12-03,17,28,30,32,41,47
2022-12-04,3,12,14,32,33,36
2022-12-04,4,6,10,15,32,48
2022-12-05,4,7,33,35,41,45
2022-12-05,14,17,26,35,38,48
2022-12-06,3,11,14,19,31,43
2022-12-06,14,18,19,20,41,48
2022-12-07,3,6,12,37,38,39
2022-12-07,3,7,10,13,15,40
2022-12-08,2,8,12,13,15,43
2022-12-08,2,8,21,25,35,49
2022-12-09,1,26,31,39,42,44
2022-12-09,18,19,21,32,37,40
2022-12-10,3,11,16,17,25,45
2022-12-10,3,13,24,32,37,44
2022-12-11,1,12,19,24,25,26
2022-12-11,8,9,13,16,34,43
2022-12-12,3,6,15,17,46,49
2022-12-12,4,17,29,35,39,40
2022-12-13,3,12,25,43,46,47
2022-12-13,5,7,17,18,31,39
2022-12-14,2,3,5,15,24,42
2022-12-14,15,17,20,33,34,40
2022-12-15,3,9,11,20,22,27
2022-12-15,14,15,22,25,37,47
2022-12-16,1,2,4,19,25,41
2022-12-16,8,15,19,25,35,40
2022-12-17,3,5,23,30,37,45
2022-12-17,6,21,31,37,42,44
2022-12-18,6,8,15,26,42,46
2022-12-18,7,15,18,21,38,39
2022-12-19,7,10,19,37,40,42
2022-12-19,7,13,26,30,31,48
2022-12-20,4,5,12,31,34,40
2022-12-20,6,16,28,32,35,46
2022-12-21,6,9,24,27,36,45
2022-12-21,11,18,27,30,34,44
2022-12-22,1,6,11,28,29,49
2022-12-22,7,18,22,32,45,48
2022-12-23,3,9,13,24,33,36
2022-12-23,4,5,7,13,16,24
2022-12-24,1,7,12,14,39,42
2022-12-24,5,28,32,38,47,48
2022-12-26,5,6,11,16,25,37
2022-12-26,22,27,31,37,38,43
2022-12-27,5,10,23,27,39,42
2022-12-27,6,8,9,20,27,31
2022-12-28,1,3,21,30,35,49
2022-12-28,11,12,25,33,40,48
2022-12-29,1,12,14,19,27,40
2022-12-29,8,26,37,41,45,46
2022-12-30,9,10,20,21,27,31
2022-12-30,10,28,30,34,36,39
2022-12-31,1,6,23,31,32,39
2022-12-31,3,6,7,9,25,37
2023-01-01,1,12,24,26,35,45
2023-01-01,4,6,9,21,27,46
2023-01-02,4,6,15,23,25,35
2023-01-02,8,12,13,16,42,47
2023-01-03,4,11,13,32,41,42
2023-01-03,9,12,18,29,42,47
2023-01-04,11,14,25,38,44,48
2023-01-04,17,21,24,32,37,42
2023-01-05,1,2,17,23,24,44
2023-01-05,15,23,34,45,47,49
2023-01-06,1,10,16,18,22,33
2023-01-06,8,14,15,23,39,41
2023-01-07,2,3,9,15,23,27
2023-01-07,17,27,35,39,44,47
2023-01-08,1,13,24,26,42,48
2023-01-08,2,6,7,9,28,47
2023-01-09,1,7,10,28,30,48
2023-01-09,5,16,29,30,37,47
2023-01-10,6,10,22,30,33,44
2023-01-10,17,18,24,29,43,46
2023-01-11,12,14,32,35,42,47
2023-01-11,22,25,31,35,38,45
2023-01-12,3,4,12,18,20,39
2023-01-12,6,18,20,25,27,32
2023-01-13,1,6,19,28,35,38
2023-01-13,13,14,24,32,37,47
2023-01-14,4,18,23,25,31,40
2023-01-14,13,19,33,36,39,43
2023-01-15,2,4,23,26,41,43
2023-01-15,3,22,27,31,42,47
2023-01-16,8,9,23,29,38,44
2023-01-16,24,30,41,43,44,46
2023-01-17,5,8,29,37,41,47
2023-01-17,12,18,19,33,36,44
2023-01-18,4,6,9,11,15,29
2023-01-18,4,18,19,20,24,43
2023-01-19,9,13,16,20,35,43
2023-01-19,13,25,27,35,36,43
2023-01-20,9,22,25,32,33,34
2023-01-20,10,24,31,34,37,39
2023-01-21,3,12,19,33,38,46
2023-01-21,5,8,14,32,34,48
2023-01-22,12,13,20,27,34,40
2023-01-22,14,30,36,43,45,47
2023-01-23,5,12,18,38,39,43
2023-01-23,6,14,23,30,35,47
2023-01-24,3,8,20,32,35,42
2023-01-24,8,14,15,16,26,28
2023-01-25,2,3,15,21,44,46
2023-01-25,3,18,19,28,40,42
2023-01-26,1,12,23,29,38,41
2023-01-26,12,25,28,33,42,49
2023-01-27,4,7,12,26,43,49
2023-01-27,5,20,27,38,43,44
2023-01-28,2,5,8,9,19,21
2023-01-28,4,5,20,25,26,36
2023-01-29,11,20,22,29,37,48
2023-01-29,14,23,26,36,43,45
2023-01-30,2,20,23,25,39,40
2023-01-30,16,23,24,27,29,49
2023-01-31,2,17,29,33,36,37
2023-01-31,19,26,37,44,46,47
2023-02-01,1,11,18,23,36,42
2023-02-01,2,4,10,27,30,44
2023-02-02,2,3,4,18,36,47
2023-02-02,4,23,28,31,40,45
2023-02-03,3,5,16,20,45,47
2023-02-03,13,20,22,25,31,48
2023-02-04,1,19,34,37,42,46
2023-02-04,13,14,16,22,42,48
2023-02-05,2,14,17,27,30,43
2023-02-05,13,14,15,29,31,48
2023-02-06,5,9,11,18,25,28
2023-02-06,6,17,19,21,37,49
2023-02-07,10,28,36,37,42,49
2023-02-07,20,23,25,31,38,46
2023-02-08,1,3,16,17,36,39
2023-02-08,2,3,4,24,30,42
2023-02-09,5,15,27,31,35,40
2023-02-09,8,17,20,30,46,48
2023-02-10,2,14,27,28,32,37
2023-02-10,6,10,40,44,46,47
2023-02-11,1,5,8,41,42,49
2023-02-11,3,17,24,37,40,47
2023-02-12,4,30,31,36,46,48
2023-02-12,9,14,32,35,41,45
2023-02-13,5,19,30,35,41,48
2023-02-13,16,20,25,27,45,47
2023-02-14,2,12,22,23,36,39
2023-02-14,3,18,22,29,32,44
2023-02-15,1,5,25,32,33,35
2023-02-15,3,6,7,24,30,48
2023-02-16,4,8,16,18,32,48
2023-02-16,12,13,16,21,34,48
2023-02-17,3,11,29,34,39,42
2023-02-17,6,10,11,24,27,47
2023-02-18,1,17,25,29,33,46
2023-02-18,4,17,24,32,46,49
2023-02-19,5,10,11,17,34,40
2023-02-19,16,24,32,37,39,41
2023-02-20,1,18,25,29,37,40
2023-02-20,25,30,36,40,44,48
2023-02-21,3,7,13,14,38,45
2023-02-21,13,18,20,24,33,45
2023-02-22,2,10,23,28,45,47
2023-02-22,4,7,28,30,44,49
2023-02-23,9,16,20,31,40,46
2023-02-23,11,17,30,35,37,42
2023-02-24,3,4,8,15,16,30
2023-02-24,32,33,36,38,40,46
2023-02-25,5,21,28,35,40,45
2023-02-25,6,7,8,27,30,31
2023-02-26,12,13,14,23,46,49
2023-02-26,15,24,29,33,35,44
2023-02-27,7,26,27,44,47,48
2023-02-27,29,31,32,34,37,46
2023-02-28,2,21,31,34,42,48
2023-02-28,5,14,22,33,42,49
2023-03-01,1,6,10,31,45,49
2023-03-01,5,6,19,21,23,25
2023-03-02,20,23,30,32,44,45
2023-03-02,25,26,32,37,41,45
2023-03-03,2,5,24,44,47,48
2023-03-03,12,17,21,22,28,49
2023-03-04,1,4,20,22,27,28
2023-03-04,9,13,23,37,43,47
2023-03-05,9,19,24,37,45,46
2023-03-05,13,17,25,31,32,44
2023-03-06,3,18,23,25,35,45
2023-03-06,8,15,17,21,29,48
2023-03-07,1,6,9,23,24,25
2023-03-07,7,20,26,29,40,44
2023-03-08,7,9,16,17,20,44
2023-03-08,11,16,36,38,39,48
2023-03-09,2,16,24,25,27,37
2023-03-09,15,17,26,30,38,40
2023-03-10,3,5,7,37,44,48
2023-03-10,11,12,27,28,46,48
2023-03-11,10,16,19,29,41,48
2023-03-11,21,26,27,32,46,47
2023-03-12,5,6,11,29,41,47
2023-03-12,9,26,31,33,42,43
2023-03-13,4,7,31,35,47,48
2023-03-13,10,21,27,37,40,45
2023-03-14,1,2,22,28,31,32
2023-03-14,3,10,14,15,26,35
2023-03-15,1,2,8,28,42,44
2023-03-15,2,3,21,23,30,42
2023-03-16,4,10,11,22,27,36
2023-03-16,7,8,9,23,27,46
2023-03-17,5,9,11,15,33,46
2023-03-17,12,14,15,17,18,48
2023-03-18,12,13,14,15,19,43
2023-03-18,19,21,23,34,40,41
2023-03-19,1,19,27,40,44,47
2023-03-19,3,8,20,25,32,38
2023-03-20,17,23,25,26,42,46
2023-03-20,29,34,37,41,42,49
2023-03-21,2,8,10,20,21,22
2023-03-21,8,22,31,33,38,44
2023-03-22,3,8,23,29,38,46
2023-03-22,12,14,24,37,41,44
2023-03-23,3,18,26,40,47,49
2023-03-23,12,31,36,39,45,49
2023-03-24,4,6,13,23,24,35
2023-03-24,6,7,20,30,38,41
2023-03-25,5,15,18,22,39,48
2023-03-25,13,22,28,31,33,35
2023-03-26,3,11,38,39,42,49
2023-03-26,7,11,12,27,28,39
2023-03-27,5,8,9,12,15,42
2023-03-27,6,14,18,25,30,48
2023-03-28,14,17,22,28,31,46
2023-03-28,26,28,33,34,37,47
2023-03-29,1,7,14,17,19,45
2023-03-29,15,17,22,26,32,38
2023-03-30,1,6,16,22,23,35
2023-03-30,10,14,25,31,34,36
2023-03-31,1,18,33,34,39,47
2023-03-31,5,13,29,37,41,46
2023-04-01,1,2,16,27,34,38
2023-04-01,4,11,27,37,38,40
2023-04-02,3,10,14,28,32,46
2023-04-02,7,10,12,16,28,47
2023-04-03,2,7,11,19,27,36
2023-04-03,5,23,27,39,45,46
2023-04-04,4,12,22,31,39,48
2023-04-04,23,26,37,40,46,49
2023-04-05,2,3,12,21,23,45
2023-04-05,10,19,27,32,38,40
2023-04-06,1,11,26,27,46,49
2023-04-06,2,15,27,28,39,42
2023-04-07,1,2,13,29,40,45
2023-04-07,11,25,30,41,42,47
2023-04-08,3,7,8,42,47,48
2023-04-08,6,18,19,20,21,36
2023-04-09,3,4,10,12,40,47
2023-04-09,9,22,27,34,41,47
2023-04-10,6,7,10,18,31,33
2023-04-10,21,27,28,35,37,49
2023-04-11,1,6,13,14,37,39
2023-04-11,7,8,14,29,48,49
2023-04-12,5,18,22,30,33,43
2023-04-12,10,13,16,30,40,44
2023-04-13,2,25,30,32,36,44
2023-04-13,7,9,12,17,29,49
2023-04-14,3,4,16,19,21,43
2023-04-14,8,26,30,39,42,48
2023-04-15,7,9,33,34,44,48
2023-04-15,10,11,22,28,33,49
2023-04-16,5,31,33,34,43,46
2023-04-16,7,13,18,38,40,44
2023-04-17,2,6,15,27,36,48
2023-04-17,7,18,19,30,34,39
2023-04-18,5,11,14,31,40,44
2023-04-18,18,27,38,41,45,48
2023-04-19,6,26,31,40,42,49
2023-04-19,11,16,17,22,25,41
2023-04-20,1,7,26,32,34,49
2023-04-20,7,8,13,22,24,40
2023-04-21,2,9,13,18,30,43
2023-04-21,19,36,40,41,46,47
2023-04-22,3,4,15,19,25,35
2023-04-22,10,20,21,22,37,47
2023-04-23,4,7,9,14,33,46
2023-04-23,7,9,19,23,24,37
2023-04-24,6,9,15,20,32,47
2023-04-24,10,16,19,26,30,36
2023-04-25,9,15,25,26,28,37
2023-04-25,13,20,22,25,39,42
2023-04-26,3,4,10,20,31,47
2023-04-26,22,24,28,35,46,49
2023-04-27,5,10,12,14,15,17
2023-04-27,18,19,34,42,45,48
2023-04-28,6,13,25,27,31,35
2023-04-28,7,11,18,26,30,35
2023-04-29,3,13,16,30,32,49
2023-04-29,8,17,25,31,40,45
2023-04-30,1,18,27,28,32,41
2023-04-30,15,26,34,35,44,48
2023-05-01,3,15,37,40,42,48
2023-05-01,7,9,16,34,39,40
2023-05-02,1,15,18,35,40,41
2023-05-02,10,17,20,26,27,39
2023-05-03,1,7,8,30,35,37
2023-05-03,5,7,13,22,43,46
2023-05-04,1,17,18,23,30,36
2023-05-04,8,20,29,32,39,47
2023-05-05,5,23,24,32,35,40
2023-05-05,7,9,21,35,38,48
2023-05-06,3,5,7,10,43,46
2023-05-06,5,7,9,26,28,36
2023-05-07,11,15,27,32,38,40
2023-05-07,16,28,34,38,40,43
2023-05-08,1,7,14,23,34,49
2023-05-08,17,22,23,29,33,49
2023-05-09,1,14,16,31,36,45
2023-05-09,4,6,8,24,27,40
2023-05-10,1,7,11,19,22,38
2023-05-10,3,8,13,21,23,26
2023-05-11,7,8,20,24,40,42
2023-05-11,9,17,20,22,32,38
2023-05-12,2,5,13,23,47,49
2023-05-12,8,13,22,28,44,46
2023-05-13,3,4,16,18,28,39
2023-05-13,11,14,18,23,32,44
2023-05-14,1,8,12,15,31,42
2023-05-14,7,14,19,28,30,32
2023-05-15,11,19,24,39,40,41
2023-05-15,15,19,21,23,29,30
2023-05-16,7,17,19,21,31,41
2023-05-16,12,14,25,26,31,40
2023-05-17,6,18,21,40,41,44
2023-05-17,17,19,20,32,40,49
2023-05-18,2,9,17,25,43,44
2023-05-18,6,10,19,20,36,38
2023-05-19,4,13,24,27,43,49
2023-05-19,6,9,17,22,47,49
2023-05-20,2,13,23,27,30,37
2023-05-20,3,9,25,29,40,41
2023-05-21,6,12,25,30,36,37
2023-05-21,6,27,28,29,37,40
2023-05-22,7,23,40,43,46,49
2023-05-22,10,22,23,35,41,48
2023-05-23,2,8,9,24,26,48
2023-05-23,14,20,27,37,44,46
2023-05-24,2,4,15,41,45,46
2023-05-24,5,10,14,23,35,38
2023-05-25,1,6,11,13,18,21
2023-05-25,9,24,26,27,28,42
2023-05-26,11,13,15,16,22,49
2023-05-26,14,24,25,27,33,43
2023-05-27,2,3,21,26,39,44
2023-05-27,11,13,27,28,37,47
2023-05-28,11,17,27,30,39,44
2023-05-28,17,34,43,44,47,48
2023-05-29,6,10,15,20,24,26
2023-05-29,8,11,14,19,28,49
2023-05-30,6,12,19,28,35,44
2023-05-30,12,14,22,29,40,44
2023-05-31,4,7,8,17,26,42
2023-05-31,12,17,20,27,32,48
2023-06-01,1,6,7,15,19,40
2023-06-01,22,23,24,34,36,47
2023-06-02,2,14,23,27,28,33
2023-06-02,14,15,23,31,44,45
2023-06-03,2,16,17,18,19,44
2023-06-03,14,17,19,40,41,49
2023-06-04,3,12,22,29,31,35
2023-06-04,3,22,25,30,40,46
2023-06-05,2,3,5,26,33,34
2023-06-05,17,36,43,44,46,48
2023-06-06,1,2,17,20,28,37
2023-06-06,4,16,20,38,46,49
2023-06-07,6,10,31,39,45,49
2023-06-07,8,33,35,43,45,47
2023-06-08,8,11,17,20,27,48
2023-06-08,13,20,21,22,26,27
2023-06-09,4,16,34,36,42,47
2023-06-09,16,23,28,36,39,40
2023-06-10,4,5,30,39,41,46
2023-06-10,5,8,12,14,28,47
2023-06-11,3,7,9,21,31,49
2023-06-11,6,10,14,24,44,47
2023-06-12,3,23,26,35,37,45
2023-06-12,15,17,18,20,38,47
2023-06-13,1,17,18,26,35,47
2023-06-13,3,5,12,13,35,47
2023-06-14,11,13,27,31,32,42
2023-06-14,15,22,24,35,37,40
2023-06-15,8,19,20,22,24,32
2023-06-15,18,19,24,25,45,46
2023-06-16,2,12,13,17,24,37
2023-06-16,8,21,26,29,35,43
2023-06-17,6,7,29,39,41,45
2023-06-17,7,25,28,34,40,46
2023-06-18,2,20,34,38,40,48
2023-06-18,10,23,24,26,27,37
2023-06-19,7,16,23,25,37,41
2023-06-19,8,15,19,21,37,39
2023-06-20,1,18,20,39,46,47
2023-06-20,11,13,16,19,34,43
2023-06-21,1,18,23,24,29,43
2023-06-21,2,6,15,17,29,37
2023-06-22,1,12,21,25,29,42
2023-06-22,5,28,29,42,43,47
2023-06-23,9,30,39,42,43,49
2023-06-23,18,31,39,40,48,49
2023-06-24,3,28,29,30,31,33
2023-06-24,7,17,29,33,41,49
2023-06-25,5,10,15,18,21,22
2023-06-25,6,7,11,14,35,44
2023-06-26,4,14,16,30,39,41
2023-06-26,37,43,44,45,47,49
2023-06-27,4,17,21,29,37,45
2023-06-27,17,20,26,37,40,42
2023-06-28,8,9,11,14,15,23
2023-06-28,14,16,21,32,38,40
2023-06-29,7,13,27,29,30,47
2023-06-29,8,17,22,23,37,41
2023-06-30,1,3,6,23,33,37
2023-06-30,5,9,16,17,28,40
2023-07-01,1,9,10,25,30,33
2023-07-01,2,5,9,29,35,43
2023-07-02,1,4,18,20,33,39
2023-07-02,1,12,14,20,22,25
2023-07-03,1,4,6,11,23,39
2023-07-03,2,12,13,34,36,40
2023-07-04,12,14,15,33,45,47
2023-07-04,12,17,22,35,44,47
2023-07-05,3,6,12,17,37,39
2023-07-05,11,14,21,38,44,46
2023-07-06,3,10,12,19,21,22
2023-07-06,11,14,20,32,40,41
2023-07-07,1,8,11,15,18,44
2023-07-07,7,9,12,13,22,44
2023-07-08,1,6,11,14,23,45
2023-07-08,6,26,27,29,31,38
2023-07-09,3,5,12,17,30,36
2023-07-09,9,11,19,29,30,35
2023-07-10,4,10,29,31,33,43
2023-07-10,8,19,20,35,37,46
2023-07-11,5,9,15,19,21,41
2023-07-11,7,11,27,29,39,45
2023-07-12,13,16,27,37,39,40
2023-07-12,23,29,36,38,43,46
2023-07-13,4,9,35,39,46,48
2023-07-13,14,19,31,37,43,47
2023-07-14,2,4,6,28,29,40
2023-07-14,16,25,27,31,37,49
2023-07-15,6,17,22,26,31,44
2023-07-15,10,17,28,29,36,46
2023-07-16,4,7,17,23,28,35
2023-07-16,9,17,20,38,39,42
2023-07-17,8,9,17,32,38,47
2023-07-17,17,20,21,27,33,45
2023-07-18,1,15,16,17,33,34
2023-07-18,15,17,23,26,31,43
2023-07-19,1,26,31,33,37,39
2023-07-19,6,12,15,31,39,42
2023-07-20,2,7,20,40,43,46
2023-07-20,4,9,11,23,26,43
2023-07-21,1,28,30,37,42,47
2023-07-21,17,27,32,36,42,46
2023-07-22,4,5,20,21,23,37
2023-07-22,4,7,19,25,32,39
2023-07-23,7,12,19,26,28,37
2023-07-23,16,18,19,20,24,32
2023-07-24,3,10,16,24,39,41
2023-07-24,5,13,23,25,44,47
2023-07-25,4,9,11,12,16,42
2023-07-25,7,25,34,40,41,43
2023-07-26,1,3,13,14,18,36
2023-07-26,3,16,23,25,42,47
2023-07-27,9,12,15,25,35,49
2023-07-27,10,13,32,38,43,49
2023-07-28,5,17,20,27,42,43
2023-07-28,19,22,24,33,39,45
2023-07-29,7,21,25,32,44,45
2023-07-29,14,31,35,37,40,48
2023-07-30,7,24,26,34,36,42
2023-07-30,14,25,33,38,44,48
2023-07-31,1,2,12,15,38,48
2023-07-31,2,8,18,27,35,40
2023-08-01,1,7,21,29,31,44
2023-08-01,3,6,10,11,23,34
2023-08-02,5,10,17,18,35,38
2023-08-02,14,21,23,28,29,40
2023-08-03,1,7,14,21,34,41
2023-08-03,1,9,11,17,32,49
2023-08-04,2,4,24,38,39,46
2023-08-04,9,22,26,30,31,44
2023-08-05,2,11,21,30,45,49
2023-08-05,3,4,5,39,44,47
2023-08-06,8,23,25,27,35,37
2023-08-06,12,20,21,22,26,30
2023-08-07,1,6,20,22,24,38
2023-08-07,4,11,16,21,23,41
2023-08-08,2,7,18,30,35,37
2023-08-08,2,9,10,34,44,48
2023-08-09,8,11,14,27,28,45
2023-08-09,15,19,21,35,39,45
2023-08-10,11,13,14,29,35,41
2023-08-10,18,25,27,29,40,44
2023-08-11,2,5,16,18,31,42
2023-08-11,10,13,29,36,39,45
2023-08-12,3,4,5,7,15,38
2023-08-12,22,25,33,42,44,49
2023-08-13,2,5,10,14,25,44
2023-08-13,4,8,10,21,25,46
2023-08-14,2,13,15,30,41,44
2023-08-14,12,20,23,33,34,45
2023-08-15,17,18,29,32,42,49
2023-08-15,18,22,35,43,48,49
2023-08-16,5,16,19,27,38,40
2023-08-16,16,30,31,36,37,48
2023-08-17,1,18,20,24,29,38
2023-08-17,22,26,35,39,46,47
2023-08-18,7,20,42,46,47,49
2023-08-18,9,15,30,37,43,48
2023-08-19,6,8,13,14,27,39
2023-08-19,9,19,26,28,30,41
2023-08-20,1,11,15,28,31,34
2023-08-20,14,23,28,36,38,49
2023-08-21,1,5,6,11,27,30
2023-08-21,1,13,14,36,40,44
2023-08-22,2,10,23,35,39,41
2023-08-22,4,5,35,36,41,43
2023-08-23,5,12,28,30,35,46
2023-08-23,9,11,21,25,27,28
2023-08-24,1,3,9,34,44,46
2023-08-24,1,24,25,30,40,44
2023-08-25,1,2,17,20,38,44
2023-08-25,5,6,11,22,31,41
2023-08-26,1,2,19,22,31,34
2023-08-26,8,20,21,31,40,47
2023-08-27,2,3,20,25,32,44
2023-08-27,6,10,24,33,37,39
2023-08-28,5,12,28,31,33,43
2023-08-28,7,12,28,31,41,47
2023-08-29,6,11,13,14,19,23
2023-08-29,21,25,30,40,47,48
2023-08-30,4,8,28,37,44,45
2023-08-30,26,30,36,38,39,42
2023-08-31,4,9,11,26,37,43
2023-08-31,8,14,17,32,33,45
2023-09-01,2,11,13,18,21,48
2023-09-01,12,16,20,34,40,45
2023-09-02,4,8,18,20,42,47
2023-09-02,6,8,26,43,48,49
2023-09-03,4,7,19,21,25,40
2023-09-03,6,10,22,26,27,43
2023-09-04,2,11,28,38,41,49
2023-09-04,7,8,19,31,36,43
2023-09-05,6,9,12,13,26,42
2023-09-05,12,18,20,22,31,37
2023-09-06,4,16,17,38,39,43
2023-09-06,17,27,31,36,41,49
2023-09-07,3,8,28,30,32,39
2023-09-07,22,26,27,30,35,36
2023-09-08,3,5,16,28,30,43
2023-09-08,9,20,23,28,32,39
2023-09-09,2,14,16,27,38,42
2023-09-09,8,19,20,21,46,48
2023-09-10,11,14,17,25,28,34
2023-09-10,26,30,37,39,41,47
2023-09-11,3,14,21,36,41,42
2023-09-11,8,9,15,18,43,48
2023-09-12,2,3,8,10,15,29
2023-09-12,3,5,9,18,27,30
2023-09-13,8,14,17,24,26,43
2023-09-13,10,12,17,19,32,33
2023-09-14,1,3,5,8,13,27
2023-09-14,6,15,19,29,34,48
2023-09-15,4,18,27,29,33,49
2023-09-15,14,30,37,39,44,48
2023-09-16,1,5,26,32,41,45
2023-09-16,22,24,27,33,35,45
2023-09-17,2,3,6,10,23,43
2023-09-17,5,8,16,21,42,44
2023-09-18,1,9,25,38,43,49
2023-09-18,27,28,30,32,36,38
2023-09-19,3,10,11,17,22,34
2023-09-19,19,27,31,38,41,44
2023-09-20,6,21,29,40,45,47
2023-09-20,16,17,22,29,34,36
2023-09-21,8,16,19,27,39,44
2023-09-21,13,16,17,21,22,23
2023-09-22,11,19,30,31,40,42
2023-09-22,14,28,33,34,35,41
2023-09-23,1,2,18,25,32,44
2023-09-23,11,14,22,30,32,46
2023-09-24,9,28,36,39,41,42
2023-09-24,17,19,20,22,24,32
2023-09-25,2,18,22,29,38,39
2023-09-25,10,12,21,27,39,48
2023-09-26,5,22,27,31,33,43
2023-09-26,26,27,33,36,44,47
2023-09-27,3,19,25,34,36,46
2023-09-27,7,12,17,23,36,41
2023-09-28,4,11,15,23,28,40
2023-09-28,5,13,16,30,41,46
2023-09-29,1,11,12,13,33,44
2023-09-29,3,20,24,26,37,40
2023-09-30,2,13,16,26,38,46
2023-09-30,8,11,14,18,39,45
2023-10-01,3,14,38,39,44,48
2023-10-01,16,21,22,35,36,43
2023-10-02,6,22,30,32,40,41
2023-10-02,14,22,33,44,46,49
2023-10-03,2,6,14,18,27,32
2023-10-03,12,20,26,39,41,44
2023-10-04,9,30,31,45,46,48
2023-10-04,15,25,29,34,43,45
2023-10-05,1,5,20,25,32,47
2023-10-05,15,16,23,25,39,49
2023-10-06,1,9,11,13,26,45
2023-10-06,9,13,18,24,27,31
2023-10-07,2,8,13,25,37,47
2023-10-07,3,15,16,29,36,49
2023-10-08,2,10,11,26,28,33
2023-10-08,6,11,28,32,36,48
2023-10-09,6,11,13,14,16,19
2023-10-09,10,13,19,26,32,48
2023-10-10,2,6,10,29,47,48
2023-10-10,4,21,23,26,33,36
2023-10-11,12,16,18,33,34,39
2023-10-11,17,36,38,40,41,44
2023-10-12,6,19,31,38,41,42
2023-10-12,24,32,35,42,45,48
2023-10-13,10,23,30,43,44,46
2023-10-13,12,17,18,21,32,35
2023-10-14,11,21,28,46,47,48
2023-10-14,11,22,23,28,31,34
2023-10-15,2,14,16,22,33,43
2023-10-15,4,9,24,28,29,31
2023-10-16,2,8,17,20,33,37
2023-10-16,6,13,16,32,34,48
2023-10-17,6,11,15,21,41,43
2023-10-17,7,13,18,19,35,43
2023-10-18,8,12,18,19,34,42
2023-10-18,11,21,22,25,38,44
2023-10-19,2,4,9,36,39,40
2023-10-19,5,16,18,23,32,40
2023-10-20,1,22,23,40,45,46
2023-10-20,13,16,17,27,39,49
2023-10-21,8,18,27,29,35,37
2023-10-21,11,16,20,29,30,31
2023-10-22,1,28,32,40,48,49
2023-10-22,4,9,14,25,27,44
2023-10-23,8,18,27,29,41,49
2023-10-23,9,12,19,24,33,44
2023-10-24,3,22,26,29,30,37
2023-10-24,6,11,35,37,41,46
2023-10-25,2,19,21,30,38,42
2023-10-25,9,18,22,25,35,42
2023-10-26,6,10,31,33,39,40
2023-10-26,7,17,26,41,42,48
2023-10-27,2,15,24,34,38,45
2023-10-27,16,20,35,37,39,49
2023-10-28,1,4,22,41,42,46
2023-10-28,5,9,26,31,40,41
2023-10-29,3,11,12,15,16,47
2023-10-29,10,12,17,18,41,45
2023-10-30,1,4,5,12,39,45
2023-10-30,1,17,19,33,36,41
2023-10-31,10,12,23,31,37,38
2023-10-31,23,28,29,33,36,40
2023-11-01,4,25,31,33,36,47
2023-11-01,5,7,12,31,35,47
2023-11-02,3,5,32,38,43,49
2023-11-02,18,24,33,34,35,39
2023-11-03,3,13,14,19,29,46
2023-11-03,4,18,19,26,32,44
2023-11-04,2,6,21,25,26,45
2023-11-04,14,20,27,29,31,33
2023-11-05,5,7,35,39,44,46
2023-11-05,10,14,25,32,33,38
2023-11-06,2,3,22,29,36,37
2023-11-06,26,29,37,39,44,49
2023-11-07,1,10,16,24,26,46
2023-11-07,8,17,23,29,35,45
2023-11-08,3,10,14,35,41,42
2023-11-08,6,9,15,26,34,38
2023-11-09,2,4,21,23,36,42
2023-11-09,14,16,18,21,27,37
2023-11-10,7,15,16,29,33,43
2023-11-10,10,16,21,35,40,43
2023-11-11,4,9,18,20,22,43
2023-11-11,4,10,21,24,40,49
2023-11-12,4,12,14,18,23,24
2023-11-12,8,19,21,34,41,42
2023-11-13,6,19,22,23,24,31
2023-11-13,16,30,33,37,45,47
2023-11-14,7,15,21,25,32,35
2023-11-14,8,13,20,23,28,41
2023-11-15,3,6,10,20,25,29
2023-11-15,5,17,20,21,38,44
2023-11-16,2,7,20,26,33,36
2023-11-16,20,22,23,31,35,47
2023-11-17,1,5,15,18,27,38
2023-11-17,7,23,29,41,46,49
2023-11-18,4,8,14,29,41,48
2023-11-18,5,6,9,10,11,33
2023-11-19,2,3,10,24,31,43
2023-11-19,9,17,34,35,41,46
2023-11-20,3,11,12,13,25,44
2023-11-20,19,24,30,32,33,41
2023-11-21,4,23,26,27,30,44
2023-11-21,10,14,22,24,37,41
2023-11-22,3,8,18,27,33,49
2023-11-22,6,7,8,11,24,35
2023-11-23,1,3,6,12,18,48
2023-11-23,1,4,10,11,19,47
2023-11-24,14,27,30,41,45,48
2023-11-24,21,33,35,42,45,47
2023-11-25,6,12,14,17,23,29
2023-11-25,7,20,24,25,31,48
2023-11-26,8,13,14,29,40,46
2023-11-26,16,27,28,33,34,35
2023-11-27,1,2,6,15,44,48
2023-11-27,10,19,22,30,47,49
2023-11-28,6,11,15,18,36,44
2023-11-28,11,13,18,19,26,35
2023-11-29,2,10,22,25,43,45
2023-11-29,4,7,8,21,22,41
2023-11-30,8,9,38,39,45,46
2023-11-30,9,11,13,16,22,45
2023-12-01,3,7,13,19,33,34
2023-12-01,8,10,12,34,37,42
2023-12-02,11,25,28,30,31,46
2023-12-02,14,27,32,33,38,48
2023-12-03,2,6,38,42,45,48
2023-12-03,14,19,23,29,43,45
2023-12-04,2,12,15,17,21,32
2023-12-04,11,23,36,40,44,46
2023-12-05,4,15,19,25,40,41
2023-12-05,16,20,24,37,39,42
2023-12-06,4,10,23,24,33,38
2023-12-06,12,16,21,26,37,45
2023-12-07,2,4,11,19,27,41
2023-12-07,8,10,27,31,36,47
2023-12-08,6,16,19,25,31,40
2023-12-08,14,20,23,25,30,31
2023-12-09,4,12,17,20,27,32
2023-12-09,7,8,11,18,41,43
2023-12-10,6,14,29,33,44,46
2023-12-10,9,11,30,42,43,45
2023-12-11,6,13,25,45,47,49
2023-12-11,18,24,33,40,46,48
2023-12-12,4,6,7,10,17,32
2023-12-12,12,20,26,29,40,42
2023-12-13,5,6,13,30,31,34
2023-12-13,19,21,34,38,44,49
2023-12-14,4,5,36,41,45,46
2023-12-14,12,15,31,33,42,49
2023-12-15,3,8,16,22,46,47
2023-12-15,3,12,19,21,32,46
2023-12-16,1,8,15,17,31,47
2023-12-16,10,11,14,18,24,38
2023-12-17,2,26,31,32,41,48
2023-12-17,7,21,32,33,43,44
2023-12-18,3,5,11,40,44,45
2023-12-18,19,27,31,38,42,45
2023-12-19,3,14,17,32,41,42
2023-12-19,6,14,20,23,34,45
2023-12-20,6,14,16,29,37,42
2023-12-20,8,19,21,23,25,32
2023-12-21,6,10,22,28,38,46
2023-12-21,7,11,25,32,36,43
2023-12-22,2,7,9,12,15,30
2023-12-22,6,8,14,21,25,38
2023-12-23,8,15,37,43,44,45
2023-12-23,9,10,20,34,45,48
2023-12-24,9,11,18,23,37,40
2023-12-24,9,26,30,35,43,48
2023-12-26,3,10,22,30,42,47
2023-12-26,18,37,42,45,46,48
2023-12-27,1,29,35,40,44,48
2023-12-27,2,10,12,13,17,22
2023-12-28,2,5,17,20,21,34
2023-12-28,14,25,29,40,43,45
2023-12-29,5,28,30,31,34,38
2023-12-29,14,34,37,41,44,45
2023-12-30,5,16,18,20,21,41
2023-12-30,8,17,32,39,43,45
2023-12-31,5,28,32,38,41,42
2023-12-31,12,17,26,28,37,39
2024-01-01,2,5,17,35,39,47
2024-01-01,4,6,8,19,44,45
2024-01-02,3,9,11,14,17,35
2024-01-02,6,8,11,13,29,46
2024-01-03,11,12,18,35,36,45
2024-01-03,14,22,26,32,37,47
2024-01-04,5,11,12,41,44,48
2024-01-04,12,14,27,37,39,41
2024-01-05,4,6,18,31,34,46
2024-01-05,20,28,31,35,44,46
2024-01-06,10,16,33,35,43,46
2024-01-06,22,28,35,39,40,47
2024-01-07,9,14,16,26,41,42
2024-01-07,9,20,30,32,43,49
2024-01-08,2,12,13,14,22,42
2024-01-08,15,28,40,41,45,48
2024-01-09,1,13,20,23,41,47
2024-01-09,31,32,37,41,45,47
2024-01-10,3,13,23,35,39,43
2024-01-10,8,14,15,35,46,48
2024-01-11,1,15,43,44,46,47
2024-01-11,4,7,19,21,24,44
2024-01-12,6,17,27,35,42,47
2024-01-12,12,25,26,40,42,43
2024-01-13,2,6,13,28,41,42
2024-01-13,3,5,9,10,23,34
2024-01-14,11,13,22,24,45,46
2024-01-14,17,20,24,25,26,47
2024-01-15,5,10,13,20,23,40
2024-01-15,19,25,30,35,39,43
2024-01-16,6,8,10,35,42,47
2024-01-16,12,18,23,35,37,39
2024-01-17,1,7,13,24,39,48
2024-01-17,3,12,16,21,28,32
2024-01-18,1,17,42,47,48,49
2024-01-18,13,14,18,21,26,45
2024-01-19,2,8,14,23,25,37
2024-01-19,5,9,11,23,28,47
2024-01-20,3,11,21,32,35,42
2024-01-20,5,11,33,34,44,46
2024-01-21,3,7,14,29,31,41
2024-01-21,9,30,32,43,46,49
2024-01-22,2,3,11,19,20,29
2024-01-22,17,18,25,29,38,42
2024-01-23,1,13,18,35,40,44
2024-01-23,11,16,22,32,42,43
2024-01-24,15,20,33,35,37,38
2024-01-24,18,20,26,34,43,45
2024-01-25,1,5,31,34,38,41
2024-01-25,4,13,15,22,43,48
2024-01-26,2,16,29,31,38,49
2024-01-26,9,21,23,36,39,42
2024-01-27,11,15,16,27,32,38
2024-01-27,11,20,37,38,44,47
2024-01-28,4,16,31,34,41,44
2024-01-28,4,31,33,35,38,42
2024-01-29,2,7,11,23,24,42
2024-01-29,7,26,28,36,42,44
2024-01-30,3,6,15,21,25,46
2024-01-30,9,11,12,36,39,43
2024-01-31,2,4,20,40,42,43
2024-01-31,6,14,22,30,39,43
2024-02-01,2,12,14,24,26,36
2024-02-01,8,10,18,42,44,49
2024-02-02,6,18,23,41,44,45
2024-02-02,8,16,33,45,47,49
2024-02-03,3,20,26,29,43,46
2024-02-03,6,22,23,29,30,39
2024-02-04,7,21,25,28,39,43
2024-02-04,8,10,17,23,30,31
2024-02-05,10,12,14,27,33,46
2024-02-05,10,15,18,22,24,37
2024-02-06,2,13,16,33,41,45
2024-02-06,8,16,17,19,43,49
2024-02-07,3,11,21,25,39,40
2024-02-07,7,15,30,36,43,47
2024-02-08,4,15,25,32,44,45
2024-02-08,12,18,25,31,36,40
2024-02-09,3,4,8,16,34,40
2024-02-09,6,8,11,18,20,44
2024-02-10,4,9,34,43,44,47
2024-02-10,7,8,9,12,36,41
2024-02-11,19,26,30,41,42,47
2024-02-11,33,36,37,39,40,45
2024-02-12,3,17,20,28,32,35
2024-02-12,15,17,19,20,39,49
2024-02-13,11,20,23,24,34,36
2024-02-13,12,13,21,22,35,42
2024-02-14,7,8,11,28,40,44
2024-02-14,8,17,28,29,38,40
2024-02-15,8,10,34,40,41,47
2024-02-15,20,31,32,37,38,45
2024-02-16,18,26,30,32,36,47
2024-02-16,19,21,32,34,35,46
2024-02-17,5,13,18,25,32,38
2024-02-17,12,15,33,34,37,44
2024-02-18,11,20,24,31,39,47
2024-02-18,12,19,20,26,35,47
2024-02-19,3,15,20,27,41,43
2024-02-19,6,7,10,14,37,48
2024-02-20,8,23,28,29,42,43
2024-02-20,10,17,21,30,31,43
2024-02-21,1,9,14,21,30,46
2024-02-21,10,14,19,29,40,42
2024-02-22,1,6,15,23,41,45
2024-02-22,10,11,29,33,37,43
2024-02-23,2,7,12,32,35,40
2024-02-23,8,15,17,25,37,44
2024-02-24,15,21,23,35,39,49
2024-02-24,17,23,26,35,46,49
2024-02-25,1,18,19,27,34,40
2024-02-25,6,15,19,27,31,45
2024-02-26,13,14,30,34,46,47
2024-02-26,20,24,26,37,41,46
2024-02-27,4,9,12,17,37,46
2024-02-27,4,31,40,43,45,46
2024-02-28,2,6,21,23,25,31
2024-02-28,2,7,15,18,40,49
2024-02-29,1,10,31,36,37,45
2024-02-29,5,18,26,27,31,37
2024-03-01,1,2,18,29,30,46
2024-03-01,1,9,27,33,41,42
2024-03-02,2,12,16,32,43,48
2024-03-02,5,13,24,28,44,49
2024-03-03,2,3,6,23,29,42
2024-03-03,3,21,25,37,40,44
2024-03-04,6,18,20,28,33,48
2024-03-04,9,21,32,37,40,43
2024-03-05,6,14,32,34,35,47
2024-03-05,9,26,27,31,37,47
2024-03-06,3,9,17,29,35,43
2024-03-06,15,16,22,26,30,40
2024-03-07,4,6,24,25,30,49
2024-03-07,5,12,18,19,27,30
2024-03-08,6,12,18,19,22,25
2024-03-08,6,19,23,29,31,48
2024-03-09,8,10,12,18,32,37
2024-03-09,19,31,33,34,45,46
2024-03-10,12,18,25,28,31,48
2024-03-10,14,20,28,30,39,49
2024-03-11,3,13,19,31,42,43
2024-03-11,22,31,38,39,41,42
2024-03-12,11,21,28,32,40,43
2024-03-12,31,32,35,40,41,42
2024-03-13,9,10,28,29,33,46
2024-03-13,15,17,18,38,39,44
2024-03-14,9,20,26,30,38,43
2024-03-14,17,21,33,34,35,40
2024-03-15,5,13,23,33,39,46
2024-03-15,20,22,37,38,39,41
2024-03-16,2,7,16,26,32,47
2024-03-16,24,28,29,39,40,49
2024-03-17,5,9,11,22,38,47
2024-03-17,12,15,25,26,36,48
2024-03-18,1,22,25,28,30,47
2024-03-18,2,6,9,14,37,41
2024-03-19,3,7,19,30,32,38
2024-03-19,11,13,14,22,27,31
2024-03-20,4,13,33,37,40,48
2024-03-20,7,9,16,19,24,46
2024-03-21,6,24,27,33,34,49
2024-03-21,10,11,18,35,39,47
2024-03-22,3,11,15,20,31,35
2024-03-22,6,18,24,31,39,49
2024-03-23,8,14,18,25,32,49
2024-03-23,13,14,32,42,44,45
2024-03-24,8,27,31,38,46,49
2024-03-24,23,25,32,37,40,48
2024-03-25,2,7,8,28,30,38
2024-03-25,2,11,17,33,39,41
2024-03-26,7,11,13,16,17,47
2024-03-26,15,26,29,32,34,45
2024-03-27,5,8,19,34,41,43
2024-03-27,10,23,24,32,40,45
2024-03-28,4,7,20,35,37,38
2024-03-28,5,15,19,22,29,37
2024-03-29,5,28,29,39,44,48
2024-03-29,8,22,33,35,37,46
2024-03-30,5,9,17,23,37,42
2024-03-30,10,26,33,39,43,44
2024-03-31,6,9,17,32,33,34
2024-03-31,9,13,15,16,18,35
2024-04-01,12,16,36,41,47,49
2024-04-01,15,23,30,40,41,46
2024-04-02,3,10,15,35,44,47
2024-04-02,4,13,28,32,35,42
2024-04-03,1,4,6,9,21,45
2024-04-03,18,31,34,41,43,47
2024-04-04,9,13,14,15,41,48
2024-04-04,13,16,33,41,45,49
2024-04-05,3,6,20,21,32,45
2024-04-05,12,32,36,38,45,49
2024-04-06,1,3,20,26,36,44
2024-04-06,6,18,26,35,38,43
2024-04-07,16,20,26,33,34,37
2024-04-07,20,21,33,38,40,43
2024-04-08,3,10,17,29,32,34
2024-04-08,6,7,11,15,23,40
2024-04-09,5,13,23,24,35,41
2024-04-09,8,16,34,43,47,49
2024-04-10,7,16,18,24,32,36
2024-04-10,10,34,36,44,46,48
2024-04-11,3,6,15,22,41,45
2024-04-11,3,7,14,27,37,42
2024-04-12,1,6,19,31,39,45
2024-04-12,3,7,9,22,34,44
2024-04-13,4,7,23,31,32,46
2024-04-13,7,32,34,38,41,44
2024-04-14,6,25,32,44,48,49
2024-04-14,19,22,39,42,46,49
2024-04-15,1,4,22,23,43,45
2024-04-15,12,25,36,37,41,49
2024-04-16,6,9,23,26,35,41
2024-04-16,9,13,17,20,24,44
2024-04-17,3,4,7,14,25,32
2024-04-17,13,28,30,31,32,33
2024-04-18,1,6,24,27,32,34
2024-04-18,19,21,26,29,37,41
2024-04-19,2,19,27,33,37,44
2024-04-19,10,22,30,41,44,48
2024-04-20,1,21,27,44,48,49
2024-04-20,10,11,18,25,30,34
2024-04-21,3,8,9,14,15,25
2024-04-21,3,12,25,33,42,47
2024-04-22,1,7,16,29,37,41
2024-04-22,17,18,21,29,33,35
2024-04-23,8,23,26,33,39,44
2024-04-23,15,20,27,42,43,48
2024-04-24,2,10,15,29,32,42
2024-04-24,3,6,10,23,36,46
2024-04-25,4,9,22,26,27,33
2024-04-25,7,8,13,19,25,32
2024-04-26,7,10,28,31,35,41
2024-04-26,14,23,27,32,45,46
2024-04-27,1,14,15,25,32,33
2024-04-27,5,6,12,20,30,44
2024-04-28,5,11,19,27,33,43
2024-04-28,21,22,37,38,40,48
2024-04-29,4,9,23,30,36,40
2024-04-29,7,10,17,35,40,47
2024-04-30,2,9,11,25,31,48
2024-04-30,10,11,20,25,27,37
2024-05-01,2,11,18,19,46,49
2024-05-01,9,10,12,21,48,49
2024-05-02,2,12,20,26,27,40
2024-05-02,6,8,14,21,35,44
2024-05-03,5,12,26,27,41,42
2024-05-03,9,29,31,41,42,44
2024-05-04,3,16,21,24,33,40
2024-05-04,16,18,25,30,34,42
2024-05-05,1,3,12,15,20,33
2024-05-05,12,30,36,42,44,49
2024-05-06,3,9,16,25,26,39
2024-05-06,7,11,23,29,32,42
2024-05-07,2,6,11,17,35,47
2024-05-07,5,6,10,40,41,45
2024-05-08,2,3,6,11,21,27
2024-05-08,9,15,27,35,41,42
2024-05-09,12,13,21,24,37,41
2024-05-09,20,21,29,34,41,44
2024-05-10,1,2,29,31,39,49
2024-05-10,3,5,6,36,37,47
2024-05-11,1,15,19,20,43,49
2024-05-11,11,13,17,21,33,37
2024-05-12,1,2,13,26,34,44
2024-05-12,11,15,32,37,39,47
2024-05-13,3,5,6,16,35,44
2024-05-13,3,20,31,40,41,49
2024-05-14,6,14,26,28,36,47
2024-05-14,9,18,25,35,42,47
2024-05-15,10,13,18,28,35,44
2024-05-15,12,22,34,37,39,44
2024-05-16,5,8,15,26,46,48
2024-05-16,14,25,32,34,37,41
2024-05-17,12,17,28,33,43,48
2024-05-17,23,26,35,36,42,44
2024-05-18,1,3,5,6,21,43
2024-05-18,1,3,17,43,48,49
2024-05-19,3,7,27,37,41,44
2024-05-19,5,8,17,32,34,35
2024-05-20,1,2,14,17,20,22
2024-05-20,18,19,20,35,37,49
2024-05-21,1,9,17,27,34,45
2024-05-21,1,21,29,35,39,46
2024-05-22,2,6,16,19,30,43
2024-05-22,4,12,19,28,31,38
2024-05-23,2,11,18,22,39,49
2024-05-23,17,21,22,25,32,44
2024-05-24,3,12,28,30,32,41
2024-05-24,19,31,41,43,44,49
2024-05-25,17,23,28,35,36,38
2024-05-25,18,19,27,37,38,43
2024-05-26,7,12,13,20,23,38
2024-05-26,8,9,15,18,21,22
2024-05-27,2,4,5,10,20,39
2024-05-27,5,6,19,25,28,31
2024-05-28,4,5,10,21,25,45
2024-05-28,25,27,30,35,36,44
2024-05-29,1,5,6,17,21,32
2024-05-29,7,15,34,39,45,46
2024-05-30,4,22,28,34,45,48
2024-05-30,22,28,32,38,45,46
2024-05-31,7,12,14,23,25,39
2024-05-31,9,17,18,34,35,37
2024-06-01,4,9,13,14,34,49
2024-06-01,14,19,28,43,46,48
2024-06-02,11,21,27,38,39,45
2024-06-02,25,32,34,40,42,44
2024-06-03,1,15,16,43,46,48
2024-06-03,2,6,19,24,41,46
2024-06-04,4,11,14,16,19,34
2024-06-04,6,17,19,20,33,44
2024-06-05,1,14,33,34,42,45
2024-06-05,15,21,22,24,33,38
2024-06-06,6,7,26,27,29,32
2024-06-06,8,16,18,30,41,48
2024-06-07,6,29,34,36,41,44
2024-06-07,27,28,34,36,42,46
2024-06-08,2,3,7,16,19,24
2024-06-08,7,18,24,36,43,46
2024-06-09,2,13,18,27,42,47
2024-06-09,3,9,12,13,14,45
2024-06-10,4,18,24,27,33,37
2024-06-10,18,20,30,35,48,49
2024-06-11,9,11,25,33,35,43
2024-06-11,17,21,22,23,25,38
2024-06-12,8,9,13,16,30,47
2024-06-12,12,16,34,36,44,48
2024-06-13,7,14,21,30,44,48
2024-06-13,17,20,24,43,45,49
2024-06-14,5,25,33,42,48,49
2024-06-14,18,25,28,29,36,39
2024-06-15,16,19,28,29,45,49
2024-06-15,26,27,38,42,43,48
2024-06-16,3,5,7,12,14,43
2024-06-16,16,20,31,35,45,46
2024-06-17,2,19,28,35,43,47
2024-06-17,3,9,14,27,44,48
2024-06-18,5,6,14,15,45,47
2024-06-18,20,22,27,32,45,48
2024-06-19,1,20,21,28,32,33
2024-06-19,3,11,22,23,24,44
2024-06-20,1,4,5,18,27,41
2024-06-20,3,8,25,28,47,49
2024-06-21,1,21,29,30,35,39
2024-06-21,9,20,25,32,40,47
2024-06-22,3,4,23,39,42,46
2024-06-22,7,9,26,36,41,43
2024-06-23,2,3,8,16,23,38
2024-06-23,2,42,43,45,46,47
2024-06-24,1,4,16,39,47,49
2024-06-24,3,6,8,18,20,44
2024-06-25,1,7,14,16,19,45
2024-06-25,2,12,17,40,41,48
2024-06-26,13,14,17,26,39,44
2024-06-26,14,16,24,25,29,45
2024-06-27,5,12,14,29,31,46
2024-06-27,25,38,42,44,48,49
2024-06-28,1,5,20,22,27,32
2024-06-28,2,10,20,27,46,47
2024-06-29,2,7,21,22,37,47
2024-06-29,8,26,33,37,43,47
2024-06-30,10,11,18,31,36,48
2024-06-30,15,23,37,38,41,45
2024-07-01,3,22,24,41,43,48
2024-07-01,7,8,18,26,39,45
2024-07-02,1,7,28,37,39,41
2024-07-02,3,8,29,38,39,49
2024-07-03,1,10,15,26,42,45
2024-07-03,8,28,34,44,46,47
2024-07-04,5,15,30,37,43,48
2024-07-04,12,18,24,29,40,49
2024-07-05,2,4,11,17,20,31
2024-07-05,18,19,26,27,31,40
2024-07-06,1,5,13,17,41,43
2024-07-06,26,28,37,38,43,49
2024-07-07,2,12,24,32,38,45
2024-07-07,3,18,22,24,46,47
2024-07-08,1,13,15,22,28,32
2024-07-08,3,13,26,27,29,32
2024-07-09,1,3,15,29,39,49
2024-07-09,1,5,14,17,20,28
2024-07-10,3,18,20,40,47,49
2024-07-10,13,16,18,32,48,49
2024-07-11,4,10,12,18,22,33
2024-07-11,7,20,23,35,38,45
2024-07-12,2,36,39,40,46,49
2024-07-12,7,11,16,24,35,38
2024-07-13,2,14,18,19,34,44
2024-07-13,6,13,37,40,48,49
2024-07-14,2,4,15,22,45,48
2024-07-14,11,14,18,25,26,34
2024-07-15,4,5,7,14,31,39
2024-07-15,9,18,24,38,48,49
2024-07-16,3,10,23,31,44,46
2024-07-16,5,13,23,25,29,32
2024-07-17,10,25,28,31,37,44
2024-07-17,20,22,30,32,44,49
2024-07-18,5,8,10,15,32,35
2024-07-18,10,15,16,28,33,39
2024-07-19,6,15,22,23,25,37
2024-07-19,7,15,16,20,42,48
2024-07-20,3,15,36,37,38,42
2024-07-20,5,6,15,16,18,20
2024-07-21,6,21,24,31,36,38
2024-07-21,20,23,28,32,33,42
2024-07-22,1,6,9,22,31,44
2024-07-22,3,11,12,18,23,48
2024-07-23,1,24,26,36,37,41
2024-07-23,19,28,37,40,47,48
2024-07-24,3,4,9,17,33,44
2024-07-24,9,19,23,30,37,46
2024-07-25,2,4,19,20,33,43
2024-07-25,4,6,14,18,34,40
2024-07-26,3,4,5,24,37,39
2024-07-26,15,17,28,30,44,45
2024-07-27,9,10,11,19,21,25
2024-07-27,9,13,17,19,23,39
2024-07-28,6,7,14,16,18,47
2024-07-28,7,19,20,24,47,48
2024-07-29,3,7,8,23,47,49
2024-07-29,12,16,22,29,31,48
2024-07-30,11,15,16,21,26,45
2024-07-30,11,23,26,28,32,40
2024-07-31,7,16,27,33,37,44
2024-07-31,8,11,13,15,26,38
2024-08-01,2,11,18,23,40,43
2024-08-01,13,14,17,36,39,47
2024-08-02,3,9,30,35,39,40
2024-08-02,12,14,23,28,38,41
2024-08-03,5,6,18,23,39,47
2024-08-03,9,13,15,26,42,45
2024-08-04,4,16,26,32,42,43
2024-08-04,6,10,17,20,35,40
2024-08-05,4,13,31,33,42,44
2024-08-05,7,10,26,33,35,39
2024-08-06,3,6,10,27,37,48
2024-08-06,6,7,19,21,23,32
2024-08-07,5,6,7,11,20,42
2024-08-07,14,21,24,28,34,35
2024-08-08,15,29,43,45,47,49
2024-08-08,16,17,33,36,40,47
2024-08-09,1,6,27,28,31,34
2024-08-09,2,4,8,24,39,42
2024-08-10,6,12,19,22,36,42
2024-08-10,12,16,19,29,30,31
2024-08-11,1,6,9,11,45,46
2024-08-11,3,14,25,35,41,48
2024-08-12,1,6,9,12,41,48
2024-08-12,2,13,26,34,35,40
2024-08-13,6,9,20,24,31,36
2024-08-13,9,16,19,25,31,42
2024-08-14,3,28,31,32,46,49
2024-08-14,12,13,16,21,31,32
2024-08-15,1,2,11,32,37,45
2024-08-15,10,11,17,19,40,48
2024-08-16,3,5,15,23,41,47
2024-08-16,8,15,28,35,43,45
2024-08-17,3,8,10,14,18,21
2024-08-17,6,10,13,19,20,27
2024-08-18,1,21,39,42,43,46
2024-08-18,12,29,30,33,43,48
2024-08-19,2,20,23,28,38,42
2024-08-19,8,37,38,39,41,44
2024-08-20,5,16,19,30,36,43
2024-08-20,18,21,32,33,37,40
2024-08-21,2,7,13,15,40,48
2024-08-21,19,24,27,39,40,44
2024-08-22,2,20,29,40,41,44
2024-08-22,11,18,20,21,28,40
2024-08-23,4,11,27,41,43,45
2024-08-23,5,19,26,33,43,47
2024-08-24,2,5,10,19,28,46
2024-08-24,2,6,14,25,37,49
2024-08-25,3,5,11,12,16,24
2024-08-25,23,25,27,38,42,49
2024-08-26,2,32,35,39,45,48
2024-08-26,3,16,17,23,39,49
2024-08-27,3,8,17,18,21,22
2024-08-27,14,21,22,38,40,44
2024-08-28,4,28,32,33,44,49
2024-08-28,15,22,31,39,46,48
2024-08-29,4,16,18,37,38,47
2024-08-29,8,12,24,26,36,38
2024-08-30,1,12,17,29,34,39
2024-08-30,23,33,40,45,47,49
2024-08-31,2,3,9,13,26,28
2024-08-31,14,19,28,37,39,46
2024-09-01,2,15,40,42,43,46
2024-09-01,14,18,23,36,40,49
2024-09-02,1,6,22,24,39,49
2024-09-02,6,14,32,40,42,43
2024-09-03,5,8,22,27,35,46
2024-09-03,7,18,19,20,35,37
2024-09-04,2,14,24,28,45,48
2024-09-04,9,11,22,29,34,37
2024-09-05,9,21,31,36,40,41
2024-09-05,31,36,38,44,46,49
2024-09-06,2,12,20,28,42,46
2024-09-06,13,16,33,34,43,48
2024-09-07,3,25,37,43,47,48
2024-09-07,9,12,17,19,27,37
2024-09-08,3,5,9,35,37,40
2024-09-08,4,9,10,35,41,44
2024-09-09,1,2,9,11,24,38
2024-09-09,2,14,16,22,26,38
2024-09-10,1,12,15,28,36,46
2024-09-10,18,19,24,35,43,47
2024-09-11,8,17,28,32,38,44
2024-09-11,21,22,36,43,44,45
2024-09-12,5,16,25,28,36,49
2024-09-12,8,17,20,24,43,48
2024-09-13,4,6,12,21,29,35
2024-09-13,13,14,20,21,36,39
2024-09-14,6,9,12,16,32,48
2024-09-14,13,16,30,31,34,43
2024-09-15,3,23,24,35,43,49
2024-09-15,15,18,25,29,33,35
2024-09-16,1,6,17,24,29,40
2024-09-16,1,7,20,24,30,34
2024-09-17,2,10,13,23,30,46
2024-09-17,4,5,8,14,30,44
2024-09-18,1,25,30,32,38,43
2024-09-18,18,20,25,34,35,39
2024-09-19,5,13,26,34,40,47
2024-09-19,7,18,19,24,27,48
2024-09-20,1,7,10,26,32,35
2024-09-20,2,7,12,16,39,45
2024-09-21,1,11,16,38,44,48
2024-09-21,6,23,27,28,29,44
2024-09-22,2,7,16,24,36,44
2024-09-22,6,10,15,24,44,46
2024-09-23,2,5,21,24,35,47
2024-09-23,4,14,19,20,34,36
2024-09-24,9,10,21,23,30,37
2024-09-24,10,11,39,41,44,48
2024-09-25,2,12,19,26,27,36
2024-09-25,3,14,16,20,21,48
2024-09-26,5,9,11,28,34,42
2024-09-26,12,26,32,34,39,40
2024-09-27,3,15,17,36,38,49
2024-09-27,12,13,21,23,38,44
2024-09-28,7,9,11,35,40,44
2024-09-28,20,21,24,28,30,38
2024-09-29,2,18,35,38,39,46
2024-09-29,14,15,23,28,39,41
2024-09-30,1,5,15,30,38,45
2024-09-30,6,8,15,29,41,49
2024-10-01,5,11,17,19,23,35
2024-10-01,5,15,19,39,41,44
2024-10-02,2,10,30,31,38,47
2024-10-02,10,11,13,19,28,41
2024-10-03,18,29,32,33,40,43
2024-10-03,23,24,26,29,32,39
2024-10-04,3,10,14,17,20,41
2024-10-04,6,23,29,36,37,39
2024-10-05,2,15,24,25,34,36
2024-10-05,24,33,37,39,41,44
2024-10-06,2,21,24,33,39,42
2024-10-06,18,21,29,33,36,37
2024-10-07,4,14,34,36,39,40
2024-10-07,24,26,30,40,41,48
2024-10-08,4,11,15,20,21,36
2024-10-08,6,8,11,14,30,43
2024-10-09,1,3,14,16,23,26
2024-10-09,5,16,21,25,35,44
2024-10-10,4,9,27,31,35,41
2024-10-10,11,17,34,35,39,49
2024-10-11,5,9,10,18,27,48
2024-10-11,19,29,32,42,43,49
2024-10-12,3,7,15,18,24,46
2024-10-12,9,14,18,27,36,42
2024-10-13,4,6,12,13,35,36
2024-10-13,11,12,20,32,33,45
2024-10-14,3,4,25,27,29,38
2024-10-14,6,9,26,30,33,46
2024-10-15,2,4,20,22,31,41
2024-10-15,5,9,12,17,23,38
2024-10-16,8,11,19,34,39,46
2024-10-16,19,21,32,34,36,39
2024-10-17,2,3,6,15,45,49
2024-10-17,10,12,26,30,31,37
2024-10-18,7,11,20,22,32,41
2024-10-18,25,28,40,43,47,48
2024-10-19,1,13,19,20,30,34
2024-10-19,5,11,14,34,46,48
2024-10-20,11,12,17,23,37,48
2024-10-20,14,20,26,37,42,49
2024-10-21,2,7,13,21,28,44
2024-10-21,21,22,24,28,33,34
2024-10-22,4,21,29,30,32,44
2024-10-22,9,11,12,14,23,25
2024-10-23,2,4,17,20,34,45
2024-10-23,13,17,21,37,42,49
2024-10-24,1,4,17,29,38,39
2024-10-24,3,23,25,39,46,49
2024-10-25,5,20,22,24,28,41
2024-10-25,8,17,20,22,30,31
2024-10-26,6,13,14,29,34,49
2024-10-26,7,19,20,30,41,45
2024-10-27,7,9,10,11,21,41
2024-10-27,11,27,37,38,43,47
2024-10-28,1,5,6,12,22,32
2024-10-28,15,18,40,46,47,49
2024-10-29,1,5,6,14,28,42
2024-10-29,6,20,22,26,32,39
2024-10-30,1,8,11,14,23,44
2024-10-30,5,27,28,33,41,47
2024-10-31,4,9,12,35,43,46
2024-10-31,5,17,26,36,37,49
2024-11-01,5,17,21,22,31,40
2024-11-01,16,17,29,31,41,42
2024-11-02,3,5,28,31,38,39
2024-11-02,4,11,14,24,35,47
2024-11-03,6,10,13,32,35,45
2024-11-03,16,18,36,43,45,49
2024-11-04,4,9,24,39,43,45
2024-11-04,10,12,20,34,38,45
2024-11-05,4,12,21,27,42,47
2024-11-05,11,16,20,41,43,49
2024-11-06,3,6,11,31,34,39
2024-11-06,16,21,24,25,31,49
2024-11-07,7,8,11,26,38,48
2024-11-07,10,20,27,30,36,47
2024-11-08,6,10,18,25,30,31
2024-11-08,8,10,14,24,26,41
2024-11-09,1,18,19,23,31,44
2024-11-09,6,10,14,38,41,45
2024-11-10,4,10,43,46,48,49
2024-11-10,8,9,16,18,22,35
2024-11-11,7,27,29,33,36,40
2024-11-11,11,15,27,34,35,44
2024-11-12,1,4,6,16,18,41
2024-11-12,4,9,14,22,26,42
2024-11-13,3,7,14,22,34,37
2024-11-13,7,13,19,41,46,48
2024-11-14,1,6,13,30,32,42
2024-11-14,1,22,31,32,41,44
2024-11-15,2,15,18,22,31,44
2024-11-15,3,19,22,36,44,46
2024-11-16,4,15,18,23,39,47
2024-11-16,9,10,15,16,23,31
2024-11-17,8,9,10,22,44,45
2024-11-17,8,15,17,23,28,38
2024-11-18,4,9,18,24,43,47
2024-11-18,12,14,21,25,30,32
2024-11-19,8,18,19,32,37,38
2024-11-19,20,21,29,33,34,47
2024-11-20,1,31,33,34,40,46
2024-11-20,2,11,16,31,40,49
2024-11-21,5,6,16,31,40,48
2024-11-21,12,19,21,33,45,49
2024-11-22,8,15,27,33,35,42
2024-11-22,9,14,22,25,34,38
2024-11-23,1,6,9,40,41,46
2024-11-23,3,4,8,23,43,45
2024-11-24,6,11,23,33,35,49
2024-11-24,6,24,39,46,47,48
2024-11-25,3,5,6,16,32,40
2024-11-25,5,21,28,31,32,43
2024-11-26,2,26,32,40,44,45
2024-11-26,6,22,25,32,34,41
2024-11-27,7,9,19,39,40,49
2024-11-27,18,19,24,26,32,40
2024-11-28,2,4,14,27,29,40
2024-11-28,14,21,29,32,34,43
2024-11-29,5,7,25,41,44,46
2024-11-29,6,26,32,39,40,48
2024-11-30,5,9,26,36,43,49
2024-11-30,7,8,12,22,42,49
2024-12-01,7,14,21,30,33,46
2024-12-01,18,21,28,38,43,49
2024-12-02,3,9,22,32,42,43
2024-12-02,9,14,19,23,43,46
2024-12-03,16,19,24,27,31,45
2024-12-03,18,19,33,36,37,41
2024-12-04,15,23,24,27,28,44
2024-12-04,16,22,23,27,43,48
2024-12-05,8,11,15,26,36,40
2024-12-05,12,14,23,24,30,38
2024-12-06,1,5,9,17,25,27
2024-12-06,12,13,26,30,33,40
2024-12-07,10,19,38,39,41,49
2024-12-07,14,19,20,32,37,38
2024-12-08,1,11,25,29,39,40
2024-12-08,5,13,21,36,43,47
2024-12-09,1,4,7,9,20,44
2024-12-09,10,12,13,24,35,37
2024-12-10,1,18,25,32,38,41
2024-12-10,10,19,20,30,32,42
2024-12-11,1,9,14,44,45,47
2024-12-11,3,16,18,22,41,43
2024-12-12,1,3,15,28,43,46
2024-12-12,13,14,22,30,42,43
2024-12-13,5,8,13,16,24,25
2024-12-13,9,10,17,20,21,45
2024-12-14,3,13,15,16,20,48
2024-12-14,4,7,27,34,43,48
2024-12-15,3,19,23,27,31,46
2024-12-15,7,14,21,42,44,45
2024-12-16,3,13,21,23,38,48
2024-12-16,22,30,38,39,48,49
2024-12-17,8,17,28,39,47,48
2024-12-17,29,35,36,38,40,44
2024-12-18,1,2,12,13,31,34
2024-12-18,3,17,26,27,36,41
2024-12-19,13,15,23,41,43,46
2024-12-19,18,28,40,45,47,48
2024-12-20,1,28,30,32,34,40
2024-12-20,3,10,13,16,22,27
2024-12-21,16,22,23,29,39,48
2024-12-21,18,22,29,31,40,45
2024-12-22,3,7,34,38,45,46
2024-12-22,11,12,21,42,47,49
2024-12-23,2,17,22,29,30,38
2024-12-23,14,23,28,29,36,39
2024-12-24,1,7,10,16,26,28
2024-12-24,5,7,10,23,27,33
2024-12-26,2,8,10,14,34,47
2024-12-26,3,15,17,23,24,28
2024-12-27,1,14,23,28,45,47
2024-12-27,12,17,24,33,37,42
2024-12-28,3,20,31,44,47,48
2024-12-28,19,23,34,35,38,45
2024-12-29,2,11,13,18,20,22
2024-12-29,5,6,9,18,33,45
2024-12-30,2,4,16,25,34,39
2024-12-30,7,11,18,19,25,31
2024-12-31,4,10,20,32,34,39
2024-12-31,10,13,23,35,38,41
2025-01-01,3,5,6,21,24,29
2025-01-01,5,10,13,15,34,36
2025-01-02,1,14,17,44,47,49
2025-01-02,11,16,44,45,47,49
2025-01-03,3,12,14,17,29,40
2025-01-03,28,29,35,42,44,48
2025-01-04,3,22,27,34,35,43
2025-01-04,8,19,25,26,39,47
2025-01-05,4,5,11,20,32,35
2025-01-05,4,6,12,21,24,45
2025-01-06,2,7,12,15,34,39
2025-01-06,10,16,20,27,35,44
2025-01-07,4,13,15,28,32,47
2025-01-07,5,7,11,18,19,37
2025-01-08,6,9,17,19,41,45
2025-01-08,30,31,34,43,45,46
2025-01-09,5,6,21,29,31,49
2025-01-09,6,7,14,21,24,40
2025-01-10,2,3,14,23,27,37
2025-01-10,3,13,24,32,33,41
2025-01-11,19,27,33,38,41,42
2025-01-11,21,25,36,38,44,49
2025-01-12,6,11,19,20,23,29
2025-01-12,6,18,31,33,36,37
2025-01-13,4,5,9,11,16,26
2025-01-13,9,14,20,32,37,39
2025-01-14,1,11,32,34,38,39
2025-01-14,21,23,29,37,41,49
2025-01-15,10,12,26,37,44,46
2025-01-15,20,28,30,35,36,37
2025-01-16,10,11,15,24,27,49
2025-01-16,11,15,19,21,38,43
2025-01-17,12,25,36,39,41,48
2025-01-17,22,28,37,42,44,46
2025-01-18,5,8,18,31,40,45
2025-01-18,11,28,32,34,40,43
2025-01-19,2,6,21,27,31,44
2025-01-19,2,8,20,29,36,47
2025-01-20,1,2,21,23,33,41
2025-01-20,3,8,13,20,26,49
2025-01-21,10,15,19,29,31,45
2025-01-21,23,36,39,40,42,47
2025-01-22,11,20,31,36,41,42
2025-01-22,18,24,31,36,39,42
2025-01-23,2,33,35,40,41,47
2025-01-23,8,9,11,28,30,32
2025-01-24,11,14,29,31,38,44
2025-01-24,13,31,33,45,47,49
2025-01-25,1,14,34,37,45,47
2025-01-25,1,16,22,37,44,49
2025-01-26,4,7,40,44,46,49
2025-01-26,14,23,30,33,42,49
2025-01-27,3,12,13,31,33,41
2025-01-27,7,24,28,30,38,40
2025-01-28,5,30,38,40,44,48
2025-01-28,11,12,29,32,36,49
2025-01-29,3,6,8,17,42,48
2025-01-29,5,6,7,12,25,41
2025-01-30,3,12,14,15,46,48
2025-01-30,6,12,22,24,25,34
2025-01-31,2,7,20,24,35,46
2025-01-31,12,19,26,32,35,41
2025-02-01,3,7,36,37,39,47
2025-02-01,15,19,24,35,40,44
2025-02-02,4,8,10,31,40,41
2025-02-02,8,16,17,31,37,48
2025-02-03,5,17,18,28,29,36
2025-02-03,10,14,22,31,36,40
2025-02-04,4,11,22,26,29,46
2025-02-04,14,15,26,35,36,43
2025-02-05,12,27,32,38,41,43
2025-02-05,19,22,30,31,42,48
2025-02-06,1,3,7,11,18,32
2025-02-06,3,7,9,16,21,38
2025-02-07,2,12,18,25,27,43
2025-02-07,4,7,10,13,18,28
2025-02-08,2,3,9,25,43,48
2025-02-08,3,18,20,26,28,38
2025-02-09,4,6,13,20,30,32
2025-02-09,6,18,25,33,39,40
2025-02-10,5,13,28,33,37,43
2025-02-10,6,16,24,34,39,49
2025-02-11,3,4,23,24,28,43
2025-02-11,3,14,18,21,44,45
2025-02-12,15,19,25,26,34,46
2025-02-12,17,18,19,26,34,44
2025-02-13,1,3,7,12,34,40
2025-02-13,4,9,10,34,38,41
2025-02-14,6,18,19,24,43,44
2025-02-14,17,35,38,46,47,49
2025-02-15,3,5,18,22,29,49
2025-02-15,9,12,14,22,44,47
2025-02-16,4,9,11,23,32,48
2025-02-16,9,22,26,38,42,43
2025-02-17,3,8,19,22,27,49
2025-02-17,6,19,20,22,37,38
2025-02-18,2,5,12,21,30,44
2025-02-18,9,16,17,35,37,46
2025-02-19,3,5,24,41,44,49
2025-02-19,6,8,9,11,19,20
2025-02-20,1,13,19,25,43,45
2025-02-20,16,33,40,44,45,47
2025-02-21,8,9,16,18,24,25
2025-02-21,8,12,14,20,29,45
2025-02-22,9,12,16,17,20,26
2025-02-22,17,20,29,35,37,41
2025-02-23,6,22,24,27,37,47
2025-02-23,13,36,37,40,41,42
2025-02-24,2,5,13,32,33,37
2025-02-24,13,29,30,31,37,41
2025-02-25,9,20,25,41,47,49
2025-02-25,10,25,27,32,35,46
2025-02-26,2,4,15,28,41,49
2025-02-26,3,6,7,15,26,34
2025-02-27,6,22,31,36,38,42
2025-02-27,8,9,22,24,28,31
2025-02-28,2,7,21,24,34,40
2025-02-28,5,6,8,35,39,49
2025-03-01,3,22,30,40,47,49
2025-03-01,8,11,21,22,26,30
2025-03-02,2,3,5,20,37,40
2025-03-02,7,24,28,30,40,44
2025-03-03,7,8,20,24,27,39
2025-03-03,10,22,27,30,35,42
2025-03-04,1,4,8,11,16,39
2025-03-04,7,14,15,16,29,42
2025-03-05,1,4,7,26,45,46
2025-03-05,1,7,8,19,35,44
2025-03-06,11,13,16,20,24,33
2025-03-06,12,13,16,29,34,48
2025-03-07,3,4,14,25,32,46
2025-03-07,9,25,27,32,36,38
2025-03-08,1,4,5,10,41,43
2025-03-08,1,7,9,21,22,45
2025-03-09,10,19,21,31,36,38
2025-03-09,21,23,24,26,38,42
2025-03-10,4,7,9,20,45,46
2025-03-10,8,35,38,40,41,47
2025-03-11,4,22,29,31,36,49
2025-03-11,16,20,27,33,42,43
2025-03-12,1,18,21,36,45,47
2025-03-12,13,20,22,23,29,44
2025-03-13,6,10,13,21,25,32
2025-03-13,12,15,17,38,40,46
2025-03-14,6,13,27,32,39,48
2025-03-14,19,20,31,38,43,46
2025-03-15,2,9,24,34,39,46
2025-03-15,7,16,17,27,45,46
2025-03-16,1,3,25,29,30,31
2025-03-16,5,7,20,22,40,47
2025-03-17,3,7,20,28,31,35
2025-03-17,12,21,25,27,42,48
2025-03-18,2,5,18,22,26,41
2025-03-18,4,10,19,30,35,38
2025-03-19,8,10,13,32,37,41
2025-03-19,34,38,40,45,48,49
2025-03-20,1,12,22,26,37,38
2025-03-20,19,29,36,37,40,42
2025-03-21,8,9,14,21,30,36
2025-03-21,38,39,41,45,46,47
2025-03-22,1,12,23,24,28,32
2025-03-22,7,9,18,39,40,48
2025-03-23,6,7,13,32,33,47
2025-03-23,16,24,32,43,44,49
2025-03-24,1,2,15,31,42,46
2025-03-24,3,9,23,28,36,44
2025-03-25,3,8,9,14,25,40
2025-03-25,4,9,22,33,40,42
2025-03-26,3,4,8,12,23,48
2025-03-26,10,35,36,37,42,46
2025-03-27,7,11,16,17,26,36
2025-03-27,14,19,24,28,29,41
2025-03-28,4,14,21,29,46,48
2025-03-28,5,12,22,30,34,36
2025-03-29,9,33,37,41,47,49
2025-03-29,19,20,24,32,45,46
2025-03-30,4,9,29,31,44,45
2025-03-30,6,28,31,33,46,47
2025-03-31,9,12,18,34,37,48
2025-03-31,13,15,40,43,45,47
2025-04-01,3,12,13,19,39,49
2025-04-01,5,10,35,36,41,46
2025-04-02,4,7,17,20,41,43
2025-04-02,4,21,22,32,37,44
2025-04-03,1,23,28,33,39,42
2025-04-03,13,16,21,25,29,36
2025-04-04,6,8,11,39,46,49
2025-04-04,7,9,11,28,36,39
2025-04-05,8,13,33,39,46,48
2025-04-05,20,32,36,37,40,47
2025-04-06,1,16,23,25,37,44
2025-04-06,7,12,15,24,34,39
2025-04-07,9,15,17,29,33,44
2025-04-07,10,14,27,30,35,41
2025-04-08,1,11,17,21,42,46
2025-04-08,7,17,19,41,42,44
2025-04-09,5,28,32,34,38,46
2025-04-09,12,19,20,21,29,39
2025-04-10,1,2,21,31,33,46
2025-04-10,7,15,16,25,29,42
2025-04-11,6,16,21,34,41,44
2025-04-11,8,23,35,40,43,47
2025-04-12,1,13,24,42,43,48
2025-04-12,2,10,14,17,24,42
2025-04-13,14,20,26,36,40,49
2025-04-13,15,31,34,37,38,39
2025-04-14,5,21,27,36,48,49
2025-04-14,18,35,38,41,46,48
2025-04-15,6,10,23,26,41,43
2025-04-15,6,11,20,21,26,34
2025-04-16,6,8,15,20,26,44
2025-04-16,9,14,19,29,42,44
2025-04-17,1,24,26,33,35,38
2025-04-17,4,15,25,31,41,48
2025-04-18,2,5,20,39,44,47
2025-04-18,27,30,33,35,39,42
2025-04-19,3,10,14,32,38,39
2025-04-19,8,15,28,34,37,42
2025-04-20,2,17,26,34,35,44
2025-04-20,13,14,26,29,31,48
2025-04-21,2,16,17,25,34,47
2025-04-21,10,11,17,19,24,37
2025-04-22,2,4,11,31,33,36
2025-04-22,2,5,9,24,43,49
2025-04-23,1,6,14,23,27,41
2025-04-23,6,9,19,28,34,46
2025-04-24,8,28,41,44,46,48
2025-04-24,24,38,40,41,45,48
2025-04-25,2,7,12,13,31,35
2025-04-25,3,24,30,33,37,38
2025-04-26,2,7,19,21,24,27
2025-04-26,18,25,29,30,33,35
2025-04-27,5,25,31,39,44,46
2025-04-27,10,19,34,35,45,47
2025-04-28,2,8,9,11,20,31
2025-04-28,14,16,29,31,45,49
2025-04-29,6,8,21,29,43,49
2025-04-29,9,19,23,33,36,40
2025-04-30,2,8,14,36,40,44
2025-04-30,8,18,24,29,30,49
2025-05-01,1,5,33,38,41,42
2025-05-01,9,21,23,24,35,42
2025-05-02,3,23,28,42,45,48
2025-05-02,9,13,27,33,34,36
2025-05-03,8,11,14,27,32,38
2025-05-03,12,13,17,19,20,27
2025-05-04,7,16,20,28,30,34
2025-05-04,13,17,28,38,39,46
2025-05-05,1,12,18,35,41,45
2025-05-05,6,14,15,23,42,44
2025-05-06,7,10,17,18,19,20
2025-05-06,7,31,34,36,40,41
2025-05-07,5,7,11,27,36,49
2025-05-07,9,23,27,35,44,49
2025-05-08,2,9,11,16,18,32
2025-05-08,8,14,18,21,37,40
2025-05-09,2,13,23,44,45,47
2025-05-09,11,13,17,19,22,40
2025-05-10,1,4,33,35,38,47
2025-05-10,1,7,17,27,30,33
2025-05-11,4,5,33,40,42,49
2025-05-11,9,11,25,31,32,47
2025-05-12,4,5,14,26,27,43
2025-05-12,11,22,26,39,46,47
2025-05-13,3,16,22,25,30,35
2025-05-13,14,18,21,28,34,49
2025-05-14,9,12,15,21,43,46
2025-05-14,14,21,22,23,26,29
2025-05-15,2,17,20,39,45,48
2025-05-15,11,14,21,22,40,48
2025-05-16,1,8,15,16,26,42
2025-05-16,3,7,24,27,35,39
2025-05-17,1,5,6,24,25,33
2025-05-17,7,17,29,31,44,45
2025-05-18,1,2,12,20,21,38
2025-05-18,4,8,15,34,42,44
2025-05-19,4,17,21,29,30,42
2025-05-19,5,13,17,18,31,34
2025-05-20,1,12,18,20,32,47
2025-05-20,2,10,28,36,42,44
2025-05-21,5,9,28,31,38,42
2025-05-21,15,16,26,32,39,44
2025-05-22,3,18,23,28,40,45
2025-05-22,14,17,20,22,31,45
2025-05-23,12,15,20,34,43,46
2025-05-23,19,22,27,33,46,48
2025-05-24,6,13,19,23,29,40
2025-05-24,6,14,17,21,38,44
2025-05-25,5,15,18,20,30,39
2025-05-25,8,13,14,17,18,45
2025-05-26,1,4,20,25,34,42
2025-05-26,7,8,14,31,34,36
2025-05-27,3,10,13,21,25,30
2025-05-27,10,16,17,19,24,44
2025-05-28,5,6,13,15,38,39
2025-05-28,12,15,20,29,34,39
2025-05-29,1,12,22,23,29,30
2025-05-29,2,11,23,26,38,41
2025-05-30,6,18,24,27,36,44
2025-05-30,9,19,20,42,44,47
2025-05-31,8,19,26,28,47,49
2025-05-31,20,21,23,30,38,39
2025-06-01,1,5,7,20,23,30
2025-06-01,4,10,19,28,33,42
2025-06-02,3,15,17,34,35,46
2025-06-02,16,18,25,33,46,49
2025-06-03,6,9,30,33,37,49
2025-06-03,6,16,29,32,35,49
2025-06-04,2,5,6,16,26,33
2025-06-04,6,7,19,23,24,38
2025-06-05,3,10,20,30,32,48
2025-06-05,16,28,31,32,33,49
2025-06-06,1,2,27,35,37,47
2025-06-06,11,33,42,43,44,49
2025-06-07,9,20,21,40,42,46
2025-06-07,14,23,29,30,40,44
2025-06-08,3,10,21,24,25,45
2025-06-08,8,12,13,23,43,48
2025-06-09,2,7,18,26,45,49
2025-06-09,2,17,23,34,46,49
2025-06-10,2,14,17,26,31,42
2025-06-10,3,4,29,37,45,46
2025-06-11,2,12,20,31,45,49
2025-06-11,5,27,34,45,46,48
2025-06-12,4,5,20,32,34,44
2025-06-12,34,37,43,44,47,48
2025-06-13,9,13,26,29,30,46
2025-06-13,9,19,22,25,36,49
2025-06-14,2,3,34,36,37,41
2025-06-14,12,23,28,30,38,47
2025-06-15,1,20,30,45,48,49
2025-06-15,9,16,27,39,43,45
2025-06-16,1,3,8,20,21,44
2025-06-16,1,6,7,15,34,43
2025-06-17,4,24,28,35,43,47
2025-06-17,11,12,17,29,41,45
2025-06-18,4,18,24,31,43,46
2025-06-18,9,20,21,37,39,43
2025-06-19,2,12,25,29,34,43
2025-06-19,6,12,18,36,39,43
2025-06-20,1,2,4,9,24,49
2025-06-20,10,18,26,28,31,33
2025-06-21,2,7,18,20,33,38
2025-06-21,3,6,24,31,33,35
2025-06-22,2,6,11,13,16,42
2025-06-22,5,16,30,37,43,44
2025-06-23,1,3,4,22,26,28
2025-06-23,22,23,24,34,39,40
2025-06-24,2,3,12,21,33,43
2025-06-24,5,9,35,39,41,43
2025-06-25,1,16,18,24,29,34
2025-06-25,7,35,40,41,42,45
2025-06-26,1,15,18,30,36,43
2025-06-26,2,9,21,38,45,49
2025-06-27,2,16,24,28,33,39
2025-06-27,17,24,41,43,44,48
2025-06-28,3,11,16,20,34,45
2025-06-28,19,20,29,34,35,36
2025-06-29,9,17,34,35,40,43
2025-06-29,11,35,38,41,43,46
2025-06-30,14,19,24,37,46,47
2025-06-30,27,33,38,43,44,45
2025-07-01,1,3,19,23,38,43
2025-07-01,2,6,16,31,37,44
2025-07-02,3,5,15,19,26,49
2025-07-02,8,10,21,34,35,43
2025-07-03,3,4,16,24,36,40
2025-07-03,4,7,30,32,41,44
2025-07-04,2,16,19,31,32,44
2025-07-04,7,15,16,18,22,28
2025-07-05,3,9,12,35,44,47
2025-07-05,10,21,28,38,41,48
2025-07-06,1,2,10,18,25,33
2025-07-06,17,24,31,40,43,45
2025-07-07,3,6,19,22,31,34
2025-07-07,14,19,24,27,41,48
2025-07-08,11,18,30,32,42,47
2025-07-08,19,25,31,32,41,44
2025-07-09,4,5,8,9,18,29
2025-07-09,8,12,15,17,25,49
2025-07-10,3,10,13,16,22,28
2025-07-10,7,23,30,42,48,49
2025-07-11,13,16,23,33,36,39
2025-07-11,14,16,20,21,22,42
2025-07-12,7,9,26,35,44,49
2025-07-12,9,10,16,20,29,38
2025-07-13,8,10,15,32,40,48
2025-07-13,15,17,20,33,41,48
2025-07-14,1,11,15,17,31,34
2025-07-14,2,14,16,29,40,43
2025-07-15,8,18,30,32,41,46
2025-07-15,9,15,17,23,25,37
2025-07-16,9,14,22,23,34,42
2025-07-16,12,14,22,26,42,48
2025-07-17,1,8,17,30,31,47
2025-07-17,1,27,34,36,40,48
2025-07-18,5,8,26,32,43,45
2025-07-18,11,24,28,32,36,42
2025-07-19,5,8,14,22,34,43
2025-07-19,7,14,17,23,32,46
2025-07-20,1,2,10,25,27,40
2025-07-20,1,5,19,21,37,45
2025-07-21,5,9,16,22,42,47
2025-07-21,15,24,29,32,33,46
2025-07-22,12,18,23,24,31,33
2025-07-22,13,17,22,23,37,43
2025-07-23,1,2,4,5,7,8
2025-07-23,7,13,26,27,35,37
2025-07-24,1,12,30,35,37,49
2025-07-24,2,6,12,23,34,49
2025-07-25,2,4,14,18,32,39
2025-07-25,3,15,21,27,35,45
2025-07-26,9,13,18,30,33,44
2025-07-26,13,26,34,41,43,49
2025-07-27,6,8,14,16,31,36
2025-07-27,6,14,15,18,25,34
2025-07-28,7,23,30,34,47,49
2025-07-28,9,13,19,32,36,46
2025-07-29,8,11,15,30,38,48
2025-07-29,11,18,20,28,35,43
2025-07-30,4,19,20,22,31,43
2025-07-30,9,22,39,45,46,49
2025-07-31,1,8,12,18,29,38
2025-07-31,3,13,21,31,35,45
2025-08-01,1,5,9,13,32,38
2025-08-01,4,16,30,33,34,37
2025-08-02,3,4,13,21,24,30
2025-08-02,8,17,19,23,25,44
2025-08-03,2,5,7,13,17,19
2025-08-03,4,13,32,36,42,44
2025-08-04,6,11,15,19,40,47
2025-08-04,14,19,24,26,45,46
2025-08-05,13,23,38,39,41,42
2025-08-05,16,26,38,39,44,45
2025-08-06,4,17,23,26,32,49
2025-08-06,5,13,29,30,45,47
2025-08-07,7,9,11,16,20,47
2025-08-07,22,29,37,44,47,48
2025-08-08,1,2,20,40,45,49
2025-08-08,9,16,19,22,30,41
2025-08-09,1,3,18,34,44,47
2025-08-09,3,4,25,26,36,44
2025-08-10,3,11,12,26,37,41
2025-08-10,10,25,31,38,39,40
2025-08-11,10,19,20,37,46,49
2025-08-11,25,36,38,44,46,47
2025-08-12,3,8,11,37,44,46
2025-08-12,8,19,30,38,48,49
2025-08-13,2,7,16,29,33,37
2025-08-13,14,17,18,24,26,37
2025-08-14,10,18,25,32,36,49
2025-08-14,11,18,20,36,39,45
2025-08-15,5,15,31,33,36,43
2025-08-15,6,11,24,30,32,47
2025-08-16,3,7,26,29,33,44
2025-08-16,5,13,29,30,36,49
2025-08-17,2,8,29,33,41,49
2025-08-17,8,22,26,40,42,44
2025-08-18,4,6,15,36,37,44
2025-08-18,9,14,17,24,29,34
2025-08-19,3,6,9,28,43,49
2025-08-19,22,30,31,32,35,42
2025-08-20,9,11,17,31,40,46
2025-08-20,11,23,26,38,39,43
2025-08-21,2,4,37,40,43,49
2025-08-21,4,8,20,23,24,28
2025-08-22,1,26,29,31,35,45
2025-08-22,5,30,31,34,44,49
2025-08-23,3,13,15,26,29,42
2025-08-23,11,17,24,28,29,46
2025-08-24,5,8,10,28,39,47
2025-08-24,12,15,22,28,30,43
2025-08-25,3,16,25,29,32,38
2025-08-25,4,11,15,20,24,34
2025-08-26,1,2,5,22,38,42
2025-08-26,14,19,24,27,35,38
2025-08-27,1,17,18,30,42,44
2025-08-27,16,19,24,29,35,41
2025-08-28,11,16,22,29,37,49
2025-08-28,20,25,28,30,33,49
2025-08-29,3,7,13,18,37,38
2025-08-29,16,19,22,30,44,46
2025-08-30,1,18,43,45,46,49
2025-08-30,9,12,27,29,33,39
2025-08-31,7,10,14,19,31,35
2025-08-31,11,13,18,27,33,48
2025-09-01,2,22,24,27,36,47
2025-09-01,4,17,23,29,34,35
2025-09-02,11,37,42,44,45,49
2025-09-02,15,19,36,41,42,46
2025-09-03,8,12,15,21,22,45
2025-09-03,13,19,20,25,36,39
2025-09-04,1,3,7,16,21,38
2025-09-04,4,8,11,19,29,35
2025-09-05,2,11,32,37,38,44
2025-09-05,3,9,15,26,32,40
2025-09-06,10,19,21,22,32,39
2025-09-06,11,14,20,32,38,47
2025-09-07,4,11,17,20,22,31
2025-09-07,9,10,12,14,20,38
2025-09-08,2,9,11,13,37,48
2025-09-08,21,25,32,36,39,42
2025-09-09,3,7,22,26,27,34
2025-09-09,6,26,34,36,38,45
2025-09-10,13,18,22,24,26,32
2025-09-10,19,30,33,39,42,45
2025-09-11,1,5,16,22,28,38
2025-09-11,19,24,31,37,47,49
2025-09-12,3,4,19,20,27,29
2025-09-12,8,9,10,44,45,49
2025-09-13,4,20,22,26,46,47
2025-09-13,12,15,31,32,35,46
2025-09-14,2,3,6,12,20,22
2025-09-14,3,15,29,30,39,40
2025-09-15,3,10,13,21,37,39
2025-09-15,11,26,27,28,36,37
2025-09-16,3,9,29,32,35,43
2025-09-16,4,6,10,32,34,41
2025-09-17,3,14,23,25,33,44
2025-09-17,9,11,14,26,40,49
2025-09-18,2,11,21,24,35,48
2025-09-18,3,7,23,36,38,49
2025-09-19,6,9,18,19,20,48
2025-09-19,16,21,22,29,38,40
2025-09-20,8,12,23,28,32,34
2025-09-20,15,16,23,38,39,45
2025-09-21,1,2,3,6,42,48
2025-09-21,5,14,16,27,33,49
2025-09-22,1,2,9,25,33,36
2025-09-22,10,29,33,38,42,45
2025-09-23,2,6,11,20,27,42
2025-09-23,9,14,17,28,41,44
2025-09-24,1,12,23,26,27,45
2025-09-24,14,16,26,27,41,42
2025-09-25,4,5,18,26,39,42
2025-09-25,17,18,22,36,41,42
2025-09-26,11,12,22,29,41,46
2025-09-26,19,20,34,44,45,48
2025-09-27,2,6,11,26,30,32
2025-09-27,6,7,19,24,40,41
2025-09-28,6,8,16,24,27,41
2025-09-28,18,21,22,25,38,47
2025-09-29,6,10,24,26,36,48
2025-09-29,14,18,20,39,41,49
2025-09-30,1,2,32,40,41,47
2025-09-30,2,9,10,24,32,48
2025-10-01,1,2,8,9,40,47
2025-10-01,15,18,35,42,44,48
2025-10-02,11,17,38,42,46,47
2025-10-02,20,22,27,37,39,49
2025-10-03,1,4,10,11,20,44
2025-10-03,8,23,24,26,33,44
2025-10-04,2,3,17,19,26,42
2025-10-04,10,27,29,31,34,43
2025-10-05,2,11,15,19,37,47
2025-10-05,27,35,40,42,44,49
2025-10-06,1,27,30,42,43,44
2025-10-06,17,22,26,33,42,46
2025-10-07,1,7,35,40,44,45
2025-10-07,1,8,25,29,30,32
2025-10-08,4,6,13,19,31,32
2025-10-08,11,26,29,30,44,47
2025-10-09,13,18,25,26,35,42
2025-10-09,14,18,19,21,37,49
2025-10-10,2,6,14,16,31,43
2025-10-10,2,13,14,18,20,48
2025-10-11,3,5,11,29,45,48
2025-10-11,10,14,20,22,24,31
2025-10-12,2,5,13,18,32,43
2025-10-12,2,6,24,28,31,42
2025-10-13,5,10,11,19,30,35
2025-10-13,7,8,14,24,41,45
2025-10-14,2,4,10,15,28,47
2025-10-14,9,28,37,47,48,49
2025-10-15,2,8,12,21,22,26
2025-10-15,21,23,26,28,41,45
2025-10-16,2,17,19,23,37,45
2025-10-16,13,26,28,35,36,43
2025-10-17,1,9,21,30,37,40
2025-10-17,10,11,17,24,29,41
2025-10-18,2,11,12,22,25,43
2025-10-18,6,11,12,19,32,40
2025-10-19,7,13,15,20,31,44
2025-10-19,19,24,29,31,44,46
2025-10-20,2,3,27,35,40,44
2025-10-20,8,11,15,19,45,46
2025-10-21,6,19,21,32,33,39
2025-10-21,8,14,19,30,31,47
2025-10-22,5,8,21,26,32,37
2025-10-22,7,24,29,32,34,40
2025-10-23,1,5,15,20,31,49
2025-10-23,8,18,30,46,47,48
2025-10-24,6,7,9,15,36,45
2025-10-24,7,8,13,21,42,48
2025-10-25,3,4,14,17,25,32
2025-10-25,9,18,28,37,40,44
2025-10-26,3,12,15,36,38,41
2025-10-26,11,12,14,37,42,49
2025-10-27,4,11,13,14,18,44
2025-10-27,9,25,26,27,41,43
2025-10-28,1,2,15,29,32,42
2025-10-28,5,10,25,28,32,37
2025-10-29,8,21,23,27,29,49
2025-10-29,16,29,34,42,46,49
2025-10-30,2,4,16,17,27,38
2025-10-30,2,16,24,29,35,42
2025-10-31,1,11,14,25,30,49
2025-10-31,21,38,40,41,48,49
2025-11-01,4,16,18,24,39,41
2025-11-01,4,24,25,31,34,45
2025-11-02,2,9,24,25,33,44
2025-11-02,5,13,21,34,40,41
2025-11-03,4,6,10,20,23,41
2025-11-03,6,9,10,13,39,42
2025-11-04,3,6,11,20,22,43
2025-11-04,7,13,40,43,45,47
2025-11-05,1,6,11,23,36,45
2025-11-05,8,17,18,23,31,33
2025-11-06,2,30,39,40,41,42
2025-11-06,9,17,24,25,36,40
2025-11-07,3,4,10,11,22,26
2025-11-07,13,16,21,23,36,42
2025-11-08,5,17,19,44,48,49
2025-11-08,18,25,30,34,36,46
2025-11-09,8,11,21,26,31,46
2025-11-09,18,24,30,37,40,41
2025-11-10,1,6,7,16,32,33
2025-11-10,10,15,20,36,45,46
2025-11-11,5,15,20,22,31,48
2025-11-11,13,26,38,44,48,49
2025-11-12,4,11,19,20,42,44
2025-11-12,10,15,21,27,31,44
2025-11-13,3,12,15,25,41,44
2025-11-13,6,15,33,34,35,43
2025-11-14,2,13,25,26,39,49
2025-11-14,13,25,26,40,46,48
2025-11-15,1,4,16,17,24,42
2025-11-15,10,19,25,27,29,43
2025-11-16,6,13,15,24,31,49
2025-11-16,8,14,15,27,46,47
2025-11-17,2,14,25,34,39,45
2025-11-17,6,7,9,15,23,36
2025-11-18,3,9,10,22,37,46
2025-11-18,6,22,25,27,28,47
2025-11-19,6,10,12,16,24,42
2025-11-19,21,27,31,32,37,44
2025-11-20,4,24,25,27,43,46
2025-11-20,20,24,29,30,33,40
2025-11-21,6,9,19,25,27,40
2025-11-21,9,17,20,27,42,48
2025-11-22,2,10,22,29,38,41
2025-11-22,13,18,20,29,43,46
2025-11-23,1,18,25,33,42,43
2025-11-23,10,11,13,24,25,39
2025-11-24,3,8,29,34,36,41
2025-11-24,14,16,19,23,33,46
2025-11-25,6,9,10,38,44,45
2025-11-25,9,17,26,33,34,35
2025-11-26,1,4,5,30,32,37
2025-11-26,1,9,22,29,36,49
2025-11-27,4,5,13,21,33,43
2025-11-27,14,17,24,27,38,48
2025-11-28,3,17,33,34,41,47
2025-11-28,5,12,15,24,34,39
2025-11-29,3,22,30,34,39,49
2025-11-29,21,24,38,41,42,43
2025-11-30,2,3,7,23,25,49
2025-11-30,9,14,18,19,30,40
2025-12-01,5,8,25,28,30,47
2025-12-01,6,11,25,32,34,45
2025-12-02,1,10,18,23,24,31
2025-12-02,3,4,26,34,38,39
2025-12-03,2,13,20,24,29,33
2025-12-03,16,20,26,33,37,39
2025-12-04,1,5,20,31,33,36
2025-12-04,7,17,28,33,39,47
2025-12-05,1,3,12,31,32,40
2025-12-05,10,26,32,34,46,47
2025-12-06,10,12,17,21,33,43
2025-12-06,14,17,20,29,33,40
2025-12-07,2,11,13,19,21,29
2025-12-07,5,17,26,30,41,48
2025-12-08,5,25,35,37,43,46
2025-12-08,7,10,26,30,32,33
2025-12-09,4,9,23,31,37,47
2025-12-09,7,10,12,25,30,33
2025-12-10,5,9,10,16,34,38
2025-12-10,10,18,21,28,44,45
2025-12-11,3,11,12,32,33,45
2025-12-11,13,28,40,41,45,47
2025-12-12,1,7,10,28,44,49
2025-12-12,5,8,17,20,21,34
2025-12-13,1,7,25,42,45,47
2025-12-13,3,13,22,25,34,40
2025-12-14,3,6,29,32,34,39
2025-12-14,13,17,23,34,36,48
2025-12-15,2,10,11,23,45,48
2025-12-15,5,11,22,31,43,48
2025-12-16,2,6,7,11,40,46
2025-12-16,8,36,37,38,39,40
2025-12-17,1,21,23,26,29,42
2025-12-17,2,8,16,30,45,47
2025-12-18,2,3,5,12,13,26
2025-12-18,7,8,12,13,14,32
2025-12-19,1,15,26,33,34,45
2025-12-19,3,5,18,30,45,49
2025-12-20,2,4,7,8,28,30
2025-12-20,2,12,18,22,25,31
2025-12-21,3,5,8,17,30,43
2025-12-21,5,17,24,42,47,48
2025-12-22,3,5,11,26,45,49
2025-12-22,16,22,25,34,39,49
2025-12-23,4,11,28,39,41,49
2025-12-23,12,16,18,27,30,37
2025-12-24,3,5,19,22,24,35
2025-12-24,7,9,32,42,44,47
2025-12-26,1,15,21,38,41,44
2025-12-26,17,27,29,30,44,45
2025-12-27,14,22,23,28,40,42
2025-12-27,17,20,24,31,32,34
2025-12-28,5,9,37,38,39,41
2025-12-28,8,17,22,33,40,41
2025-12-29,8,10,13,20,34,44
2025-12-29,12,17,23,26,31,32
2025-12-30,3,6,8,30,35,46
2025-12-30,3,6,24,30,34,39
2025-12-31,10,26,28,29,39,44
2025-12-31,15,16,20,24,42,47
2026-01-01,1,6,35,42,48,49
2026-01-01,10,24,27,38,40,48
2026-01-02,3,12,19,31,44,49
2026-01-02,4,6,17,21,30,37
2026-01-03,5,18,24,36,41,48
2026-01-03,6,10,20,26,41,46
2026-01-04,1,27,31,33,42,48
2026-01-04,3,24,35,36,38,39
2026-01-05,3,11,16,18,43,45
2026-01-05,18,20,27,34,42,48
2026-01-06,2,27,29,31,39,47
2026-01-06,3,11,15,21,32,40
2026-01-07,1,13,14,25,28,30
2026-01-07,11,21,25,28,39,49
2026-01-08,3,18,22,31,38,46
2026-01-08,6,13,14,19,43,46
2026-01-09,4,15,17,24,42,44
2026-01-09,13,15,18,33,36,38
2026-01-10,1,6,14,39,44,48
2026-01-10,5,6,17,19,21,31
2026-01-11,3,5,12,20,37,40
2026-01-11,6,17,22,26,39,47
2026-01-12,4,12,30,37,40,46
2026-01-12,5,9,11,35,37,49
2026-01-13,4,16,25,38,41,44
2026-01-13,5,19,26,37,38,41
2026-01-14,11,15,24,31,42,44
2026-01-14,13,20,31,38,40,42
2026-01-15,1,2,13,38,43,49
2026-01-15,7,30,32,39,43,46
2026-01-16,4,13,17,26,30,36
2026-01-16,9,21,27,33,36,41
2026-01-17,3,16,17,19,31,35
2026-01-17,5,10,13,17,22,34
2026-01-18,4,11,18,19,26,39
2026-01-18,14,15,26,32,36,42
2026-01-19,4,5,10,20,22,40
2026-01-19,8,10,27,28,32,38
2026-01-20,3,25,43,45,47,49
2026-01-20,4,16,17,21,31,35
2026-01-21,3,13,14,35,36,47
2026-01-21,6,18,23,31,33,48
2026-01-22,5,6,9,15,22,41
2026-01-22,8,18,26,34,47,48
2026-01-23,5,16,17,24,37,49
2026-01-23,11,17,28,31,45,46
2026-01-24,4,10,14,20,42,49
2026-01-24,11,13,20,26,44,47
2026-01-25,5,7,14,19,30,40
2026-01-25,5,20,29,30,39,45
2026-01-26,6,8,13,30,38,45
2026-01-26,28,32,33,35,45,47
2026-01-27,4,11,22,30,47,48
2026-01-27,4,11,25,31,39,42
2026-01-27,7,16,39,40,44,45
2026-01-27,12,14,21,30,40,45
2026-01-28,1,8,34,39,46,49
2026-01-28,8,16,24,25,38,44
2026-01-28,10,12,19,23,31,40
2026-01-28,14,28,32,36,37,48
2026-01-29,2,3,5,13,19,21
2026-01-29,6,17,18,33,41,43
2026-01-29,17,18,24,36,42,45
2026-01-29,20,21,31,39,40,41
2026-01-30,1,13,17,23,29,32
2026-01-30,3,9,12,19,20,49
2026-01-30,7,8,13,30,38,42
2026-01-30,13,16,17,20,27,37
2026-01-31,4,5,22,28,34,43
2026-01-31,4,18,26,31,34,37
2026-01-31,8,26,27,31,34,45
2026-01-31,19,23,26,31,38,44
2026-02-01,1,10,13,39,40,46
2026-02-01,4,21,22,31,32,45
2026-02-01,7,19,23,40,41,42
2026-02-01,12,14,17,41,42,44
2026-02-02,7,16,18,22,25,32
2026-02-02,13,14,25,39,40,46
2026-02-02,15,16,17,31,37,40
2026-02-02,17,20,24,25,27,46
2026-02-03,3,4,9,25,32,45
2026-02-03,4,13,35,38,39,41
2026-02-03,9,18,19,20,24,44
2026-02-03,21,27,28,34,44,45
2026-02-04,5,16,32,45,46,48
2026-02-04,6,15,17,26,46,47
2026-02-04,6,18,19,22,40,42
2026-02-04,14,22,24,37,45,48
2026-02-05,1,3,4,11,25,31
2026-02-05,1,14,36,38,41,46
2026-02-05,6,15,16,21,24,48
2026-02-05,10,33,34,35,40,41
2026-02-06,2,3,10,17,27,49
2026-02-06,4,14,26,27,29,39
2026-02-06,6,10,15,35,39,49
2026-02-06,13,16,24,27,29,39
2026-02-07,3,4,10,23,38,46
2026-02-07,4,24,28,40,46,48
2026-02-07,5,10,18,24,38,39
2026-02-07,9,12,21,32,39,48
2026-02-08,1,12,13,21,25,38
2026-02-08,2,16,20,24,32,34
2026-02-08,5,14,25,34,40,48
2026-02-08,15,25,36,39,45,48
2026-02-09,3,5,18,27,37,44
2026-02-09,5,9,12,41,45,47
2026-02-09,12,13,19,21,25,35
2026-02-09,17,25,27,36,42,45
2026-02-10,3,12,17,38,39,46
2026-02-10,7,23,26,28,31,42
2026-02-10,14,17,22,25,30,40
2026-02-10,14,20,25,33,44,47
2026-02-11,1,14,17,19,28,35
2026-02-11,8,18,28,34,46,48
2026-02-11,11,24,29,33,35,44
2026-02-11,15,20,24,26,35,49
2026-02-12,1,10,11,17,31,40
2026-02-12,1,10,20,21,25,44
2026-02-12,2,4,7,27,38,43
2026-02-12,6,13,19,21,37,49
2026-02-13,1,7,9,16,39,45
2026-02-13,3,4,16,32,34,45
2026-02-13,6,12,17,30,35,44
2026-02-13,10,12,19,34,42,45
2026-02-14,5,12,27,31,40,49
2026-02-14,6,11,21,27,35,45
2026-02-14,7,9,14,28,32,40
2026-02-14,9,11,18,20,23,37
2026-02-15,2,5,6,7,13,19
2026-02-15,6,10,12,30,35,49
2026-02-15,8,15,29,33,39,45
2026-02-15,13,17,20,27,31,45
2026-02-16,1,5,14,24,45,46
2026-02-16,2,13,16,21,26,27
2026-02-16,2,18,25,31,34,39
2026-02-16,24,27,29,31,33,45
2026-02-17,1,10,17,27,40,42
2026-02-17,2,8,15,19,39,41
2026-02-17,5,15,16,23,42,46
2026-02-17,14,15,24,38,40,42
2026-02-18,3,5,20,31,34,36
2026-02-18,3,15,18,21,30,40
2026-02-18,4,16,20,24,40,44
2026-02-18,5,6,21,22,45,48
2026-02-19,1,18,24,26,33,47
2026-02-19,2,7,13,15,32,49
2026-02-19,8,10,14,40,41,47
2026-02-19,17,25,26,31,41,42
2026-02-20,1,2,22,27,32,37
2026-02-20,2,5,9,13,21,28
2026-02-20,9,17,23,29,44,45
2026-02-20,9,22,38,39,43,48
2026-02-21,3,14,15,30,34,44
2026-02-21,8,12,20,30,37,42
2026-02-21,10,22,30,38,45,49
2026-02-21,21,34,36,41,45,48
2026-02-22,1,20,21,24,27,34
2026-02-22,5,8,12,19,29,31
2026-02-22,8,23,24,27,34,49
2026-02-22,13,17,20,29,39,42
2026-02-23,4,8,20,22,23,25
2026-02-23,5,9,12,21,24,37
2026-02-23,10,27,41,46,47,49
2026-02-23,19,20,29,35,41,45
2026-02-24,1,3,8,17,25,40
2026-02-24,1,17,20,28,42,47
2026-02-24,2,3,4,19,34,45
2026-02-24,16,21,29,41,43,45
2026-02-25,1,17,20,21,24,27
2026-02-25,5,6,39,40,43,46
2026-02-25,9,16,17,28,34,39
2026-02-25,9,33,37,43,47,48
2026-02-25,11,15,22,29,45,48
2026-02-26,2,14,18,23,27,38
2026-02-26,6,20,21,22,35,42
2026-02-26,8,22,41,42,45,46
2026-02-26,10,11,17,28,31,47
2026-02-27,1,6,23,29,35,48
2026-02-27,2,9,13,27,33,36
2026-02-27,16,26,27,31,37,41
2026-02-27,17,22,31,33,41,46
2026-02-28,2,29,34,37,43,47
2026-02-28,7,17,20,38,39,45
2026-02-28,13,28,31,42,45,49
2026-02-28,22,33,39,40,41,45
2026-03-01,1,4,17,39,41,49
2026-03-01,6,8,16,29,34,35
2026-03-01,7,24,31,32,41,46
2026-03-01,23,33,34,40,44,48
2026-03-02,6,9,12,24,26,46
2026-03-02,3,6,13,25,31,43
2026-03-02,7,9,15,18,19,48
2026-03-02,9,14,16,33,38,46
2026-03-03,2,6,31,38,40,41
2026-03-03,9,15,17,40,41,49
2026-03-03,7,27,37,40,42,49
2026-03-03,5,15,24,34,38,45
2026-03-04,5,18,27,42,45,48
2026-03-04,8,11,20,25,26,40
2026-03-04,1,7,8,29,31,44
2026-03-04,6,9,20,27,42,43
2026-03-05,1,8,11,16,27,49
2026-03-05,3,16,20,21,26,38
2026-03-05,9,23,24,29,31,44
2026-03-05,10,11,18,28,35,44
2026-03-06,12,17,18,20,28,31
2026-03-06,15,19,32,39,42,48
2026-03-06,14,35,36,37,38,40
2026-03-06,5,12,23,26,47,49
2026-03-07,5,10,24,29,39,41
2026-03-07,1,2,3,5,24,30
2026-03-07,4,13,21,30,39,42
2026-03-07,2,18,20,25,35,45
2026-03-08,3,10,35,37,42,44
2026-03-08,15,17,31,35,40,44
2026-03-08,5,12,35,44,47,49
2026-03-08,4,12,17,23,31,34
2026-03-09,1,24,36,37,40,44
2026-03-09,2,10,23,33,40,41
2026-03-09,19,20,33,36,38,44
2026-03-09,12,16,17,23,25,37
2026-03-10,1,9,10,23,25,29
2026-03-10,16,17,31,41,47,49
2026-03-10,11,12,17,31,33,37
2026-03-10,4,9,17,26,30,42
2026-03-11,3,7,11,14,22,34
2026-03-11,5,9,38,41,47,48
2026-03-11,12,23,28,31,38,48
2026-03-11,3,11,13,21,46,48
2026-03-12,6,10,13,17,19,33
2026-03-12,5,20,22,36,43,45
2026-03-12,4,22,34,39,44,47
2026-03-12,21,24,31,32,36,38
2026-03-13,5,13,17,21,26,44
2026-03-13,8,10,17,23,34,49
2026-03-13,5,17,37,40,42,46
2026-03-13,10,19,24,32,36,46
2026-03-14,1,15,16,18,29,41
2026-03-14,7,29,36,42,45,49
2026-03-14,6,9,22,25,33,36
2026-03-14,4,5,6,24,36,41
2026-03-15,1,17,23,29,33,49
2026-03-15,8,11,14,22,25,47
2026-03-15,9,10,13,24,27,33
2026-03-15,8,10,20,28,31,42
2026-03-16,14,15,16,24,36,39
2026-03-16,2,12,16,30,37,41
2026-03-16,17,18,23,26,30,43
2026-03-16,3,6,32,33,38,49
2026-03-17,3,7,11,18,20,24
2026-03-17,7,9,14,27,30,39
2026-03-17,8,10,13,32,38,41
2026-03-17,16,20,24,25,39,41
2026-03-18,5,8,23,26,30,49
2026-03-18,18,19,22,33,39,45
2026-03-18,3,5,16,24,36,45
2026-03-18,10,28,31,34,44,45
2026-03-19,1,28,41,47,48,49
2026-03-19,4,11,18,40,42,48
2026-03-19,5,13,14,21,33,49
2026-03-19,16,21,29,35,37,49
2026-03-20,2,6,9,15,39,43
2026-03-20,18,27,31,33,36,46
2026-03-20,4,6,35,43,47,48
2026-03-20,2,17,23,30,38,44
2026-03-21,3,4,10,19,20,44
2026-03-21,5,26,32,35,36,48
2026-03-21,8,9,11,12,28,46
2026-03-21,2,3,19,35,36,43
2026-03-22,6,18,19,32,38,45
2026-03-22,9,13,15,17,30,47
2026-03-22,1,7,22,25,26,30
2026-03-22,2,6,37,39,42,45
2026-03-23,5,11,16,29,41,48
2026-03-23,7,11,32,37,38,39
2026-03-23,15,18,25,29,38,43
2026-03-23,10,16,34,40,41,43
2026-03-24,7,10,17,19,26,27
2026-03-24,32,33,36,42,43,46
2026-03-24,9,14,18,27,32,45
2026-03-24,7,15,18,33,36,49
2026-03-25,5,7,14,33,35,43
2026-03-25,2,4,11,23,43,49
2026-03-25,3,7,31,37,46,47
2026-03-25,1,6,17,37,40,49
2026-03-26,3,18,25,31,37,40
2026-03-26,14,17,24,26,37,41
2026-03-26,8,12,19,22,38,42
2026-03-26,2,25,26,30,38,48
2026-03-27,2,21,29,33,37,46
2026-03-27,6,23,25,31,46,47
2026-03-27,15,19,38,40,44,47
2026-03-27,3,4,11,17,29,40
2026-03-28,10,30,34,40,46,49
2026-03-28,12,16,21,22,27,40
2026-03-28,14,20,26,34,39,45
2026-03-28,20,21,22,23,26,46
2026-03-29,8,22,23,36,37,39
2026-03-29,15,21,22,32,38,41
2026-03-29,6,7,26,34,35,43
2026-03-29,3,5,6,29,31,39
2026-03-30,16,26,27,30,41,45
2026-03-30,13,15,21,25,28,36
2026-03-30,2,8,19,36,39,47
2026-03-30,5,12,18,23,34,44
2026-03-31,9,32,34,38,39,40
2026-03-31,2,11,18,25,40,47
2026-03-31,3,4,13,18,19,42
2026-03-31,1,7,13,38,46,49
2026-04-01,2,7,23,38,40,41
2026-04-01,3,9,13,24,43,49
2026-04-01,5,6,19,24,27,46
2026-04-01,3,5,9,25,31,37
2026-04-02,8,11,22,26,39,48
2026-04-02,6,13,20,28,41,47
2026-04-02,3,5,17,29,33,47
2026-04-02,15,30,31,40,43,46
2026-04-03,7,8,18,29,37,38
2026-04-03,7,10,11,17,26,35
2026-04-03,2,8,18,24,46,48
2026-04-03,5,17,25,28,34,44
2026-04-04,7,20,27,28,44,47
2026-04-04,9,17,38,40,43,48
2026-04-04,10,27,31,35,38,40
2026-04-04,17,23,24,27,37,39
2026-04-05,5,15,33,34,44,47
2026-04-05,5,14,16,24,39,47
2026-04-05,7,21,27,29,31,39
2026-04-05,4,5,8,27,39,40
2026-04-06,6,8,29,31,38,47
2026-04-06,7,13,20,21,28,39
2026-04-06,6,8,24,29,35,48
2026-04-06,4,7,8,24,29,36
2026-04-07,5,6,10,12,25,29
2026-04-07,8,14,27,39,42,48
2026-04-07,5,10,14,17,19,29
2026-04-07,11,12,15,19,27,31
2026-04-08,3,17,36,38,41,46
2026-04-08,3,5,10,20,25,45
2026-04-08,6,7,20,27,44,49
2026-04-08,12,22,24,33,44,48
2026-04-09,2,8,11,17,42,43
2026-04-09,14,16,24,26,38,47
2026-04-09,1,15,19,42,45,46
2026-04-09,1,14,23,24,48,49
2026-04-10,10,22,24,27,37,42
2026-04-10,17,23,34,42,45,49
2026-04-10,3,18,21,23,27,34
2026-04-10,3,8,9,18,42,48
2026-04-11,6,19,21,30,38,43
2026-04-11,6,10,13,34,36,47
2026-04-11,4,8,16,26,34,47
2026-04-11,1,3,24,25,48,49
2026-04-12,4,7,26,27,30,38
2026-04-12,9,19,31,40,43,45
2026-04-12,2,4,6,10,26,30
2026-04-12,14,15,18,25,33,35
2026-04-13,9,17,23,25,26,33
2026-04-13,1,6,29,40,41,44
2026-04-13,6,7,10,11,17,30
2026-04-13,4,5,20,22,33,46
2026-04-14,15,17,24,26,38,44
2026-04-14,7,29,30,42,44,45
2026-04-14,1,3,15,22,34,40
2026-04-14,3,4,6,10,33,48
2026-04-15,17,22,25,35,37,49
2026-04-15,3,27,31,38,42,45
2026-04-15,20,24,31,34,48,49
2026-04-15,1,4,10,15,33,42
2026-04-16,2,4,6,17,19,40
2026-04-16,12,20,26,33,38,47
2026-04-16,6,7,15,18,36,43
2026-04-16,6,12,37,39,40,45
2026-04-17,5,7,8,10,34,49
2026-04-17,6,10,19,24,30,31
2026-04-17,4,10,12,13,27,35
2026-04-17,12,18,24,25,30,41
2026-04-18,1,21,34,38,41,46
2026-04-18,1,12,20,27,40,49
2026-04-18,5,18,24,32,40,49
2026-04-18,15,16,19,21,27,32
2026-04-19,2,21,24,26,34,48
2026-04-19,15,17,18,24,26,39
2026-04-19,11,18,29,32,45,48
2026-04-19,15,24,26,43,45,48
2026-04-20,8,10,19,33,34,38
2026-04-20,5,8,10,11,12,45
2026-04-20,6,31,32,34,45,46
2026-04-20,2,7,21,32,34,41
2026-04-21,2,6,28,31,47,49
2026-04-21,13,16,19,21,34,38
2026-04-21,1,14,16,21,30,31
2026-04-21,5,7,16,38,40,49
2026-04-22,17,28,41,43,46,49
2026-04-22,5,10,17,26,38,39
2026-04-22,1,2,10,26,47,49
2026-04-22,1,3,9,27,42,46
2026-04-23,8,30,31,40,45,46
2026-04-23,11,15,26,32,39,40
2026-04-23,2,17,22,24,32,45
2026-04-23,1,9,10,12,13,49
2026-04-24,4,28,35,36,43,44
2026-04-24,10,17,19,20,22,36
2026-04-24,1,7,11,13,27,30
2026-04-24,4,5,6,12,25,36
2026-04-25,20,27,31,36,42,43
2026-04-25,2,9,10,13,25,44
2026-04-25,9,18,21,22,28,32
2026-04-25,11,13,20,29,44,45
2026-04-26,19,23,24,26,29,46
2026-04-26,3,14,19,24,37,45
2026-04-26,6,19,23,35,47,49
2026-04-26,4,24,27,34,45,49
2026-04-27,6,18,24,30,39,47
2026-04-27,2,9,10,17,24,36
2026-04-27,9,12,18,29,42,47
2026-04-27,5,25,27,32,33,40
2026-04-28,7,8,12,25,30,31
2026-04-28,5,19,22,23,27,38
2026-04-28,3,13,19,21,45,46
2026-04-28,30,32,37,38,43,48
2026-04-29,5,12,17,18,28,39
2026-04-29,15,20,22,24,36,42
2026-04-29,8,10,13,21,26,45
2026-04-29,2,13,15,21,34,38
2026-04-30,2,15,16,43,44,48
2026-04-30,2,19,23,31,37,40
2026-04-30,17,19,23,24,38,42
2026-04-30,9,23,35,36,38,40
2026-05-01,5,19,23,34,40,44
2026-05-01,12,19,20,22,38,45
2026-05-01,6,25,27,36,43,46
2026-05-01,3,12,28,29,38,46
2026-05-02,13,20,26,27,37,47
2026-05-02,5,8,10,33,39,46
2026-05-02,29,31,33,35,40,42
2026-05-02,2,5,23,42,46,47
2026-05-03,5,15,43,44,47,49
2026-05-03,10,11,13,23,35,37
2026-05-03,11,33,35,43,44,47
2026-05-03,1,3,10,19,29,48
2026-05-04,1,21,30,42,46,47
2026-05-04,1,5,10,28,30,32
2026-05-04,21,24,33,38,39,47
2026-05-04,2,9,13,33,44,47
2026-05-05,3,7,29,34,36,42
2026-05-05,8,16,20,28,29,38
2026-05-05,1,4,6,27,38,43
2026-05-05,3,5,14,17,21,47
2026-05-06,5,6,7,24,29,37
2026-05-06,16,19,30,39,44,45
2026-05-06,2,11,24,34,38,39
2026-05-06,4,28,38,41,45,46
2026-05-07,12,20,29,37,40,47
2026-05-07,1,5,20,21,24,45
2026-05-07,7,19,25,28,46,47
2026-05-07,2,6,15,22,34,43
2026-05-08,4,6,16,28,45,49
2026-05-08,8,9,11,13,26,45
2026-05-08,15,24,25,36,40,42
2026-05-08,20,23,36,40,41,42
2026-05-09,2,14,21,22,33,48
2026-05-09,3,6,14,27,41,43
2026-05-09,1,14,25,26,27,37
2026-05-09,6,9,20,31,36,49
2026-05-10,11,16,35,42,48,49
2026-05-10,4,7,11,15,22,34
2026-05-10,1,29,31,38,41,43
2026-05-10,14,18,30,37,38,44
2026-05-11,13,31,38,41,42,49
2026-05-11,1,10,13,24,26,32
2026-05-11,2,9,18,20,30,39
2026-05-11,6,7,23,26,27,48
2026-05-12,6,17,19,23,30,46
2026-05-12,14,30,33,34,37,43
2026-05-12,21,25,28,31,36,37
2026-05-12,1,8,11,18,44,49
2026-05-13,15,18,30,31,37,47
2026-05-13,13,17,26,28,44,46
2026-05-13,11,12,15,28,34,37
2026-05-13,6,35,42,43,45,46
2026-05-14,15,20,22,41,43,48
2026-05-14,6,22,29,31,45,48
2026-05-14,6,18,19,21,28,48
2026-05-14,4,5,8,28,31,46
2026-05-15,2,12,15,16,23,42
2026-05-15,3,6,27,39,41,47
2026-05-15,11,16,22,23,26,48
2026-05-15,4,12,17,28,39,48
2026-05-16,3,13,15,19,42,45
2026-05-16,2,13,14,24,30,40
2026-05-16,2,12,36,37,43,46
2026-05-16,1,4,9,19,35,49
2026-05-17,16,20,22,27,41,42
2026-05-17,3,11,13,19,27,40
2026-05-17,10,15,23,36,46,49
2026-05-17,3,13,18,23,24,49
2026-05-18,8,12,18,22,34,44
2026-05-18,12,13,18,19,26,33
2026-05-18,5,8,12,43,46,49
2026-05-18,8,17,22,24,41,49
2026-05-19,3,4,7,11,40,48
2026-05-19,3,8,27,33,34,49
2026-05-19,1,2,3,7,32,49
2026-05-19,9,17,27,34,37,39
2026-05-20,9,20,38,46,47,48
2026-05-20,9,19,31,34,48,49
2026-05-20,1,25,35,39,42,49
2026-05-20,14,24,30,33,44,45
2026-05-21,1,10,22,43,47,49
2026-05-21,5,7,10,24,43,48
2026-05-21,2,7,13,24,32,33
2026-05-21,6,7,12,26,42,46
2026-05-22,3,4,5,14,25,42
2026-05-22,3,9,14,32,43,46
2026-05-22,4,6,28,29,40,48
2026-05-22,1,3,8,12,20,46
2026-05-23,1,6,19,22,23,45
2026-05-23,8,24,40,41,46,47
2026-05-23,2,13,14,19,28,38
2026-05-23,9,22,28,29,35,38
2026-05-24,1,6,10,30,44,49
2026-05-24,9,17,24,36,38,49
2026-05-24,3,20,28,32,40,46
2026-05-24,13,17,24,26,28,45
2026-05-25,22,24,31,43,44,48
2026-05-25,1,12,14,17,25,41
2026-05-25,4,11,23,24,32,33
2026-05-25,5,10,11,24,31,36
2026-05-26,7,9,11,15,31,34
2026-05-26,8,17,23,36,38,40
2026-05-26,2,9,17,19,41,46
2026-05-26,6,15,18,31,43,44
2026-05-27,7,9,13,24,27,43
2026-05-27,15,17,34,35,36,44
2026-05-27,6,13,34,40,44,48
2026-05-27,6,21,25,31,37,40
2026-05-28,15,22,33,35,43,48
2026-05-28,3,6,15,25,40,49
2026-05-28,1,11,29,34,43,46
2026-05-28,3,11,12,15,16,18
2026-05-29,3,14,19,36,38,45
2026-05-29,1,8,15,31,42,46
2026-05-29,13,21,25,33,43,44
2026-05-29,8,25,39,42,47,48
2026-05-30,15,23,32,39,40,41
2026-05-30,4,12,28,31,38,47
2026-05-30,3,11,21,26,27,36
2026-05-30,3,12,17,19,33,46
2026-05-31,9,12,18,27,37,48
2026-05-31,7,24,25,33,34,41
2026-05-31,13,17,35,37,48,49
2026-05-31,8,14,16,22,28,38
2026-06-01,2,8,11,21,36,47
2026-06-01,3,13,29,35,38,44
2026-06-01,12,14,26,32,36,41
2026-06-01,3,18,35,37,42,43
2026-06-02,3,20,31,36,42,49
2026-06-02,3,11,30,35,36,38
2026-06-02,8,10,13,19,46,49
2026-06-02,10,20,30,33,35,47
2026-06-03,1,2,9,20,23,48
2026-06-03,18,24,29,33,38,44
2026-06-03,8,13,24,28,42,45
2026-06-03,18,30,38,44,46,47
2026-06-04,9,10,12,31,35,47
2026-06-04,1,2,20,29,46,48
2026-06-04,8,16,36,40,42,46
2026-06-04,6,18,21,27,33,45
2026-06-05,22,23,25,26,39,40
2026-06-05,14,16,20,29,35,45
2026-06-05,1,9,26,32,40,49
2026-06-05,1,19,24,31,32,45
2026-06-06,3,27,34,40,45,47
2026-06-06,10,22,31,32,43,44
2026-06-06,1,10,13,27,32,43
2026-06-06,5,7,10,11,18,37
2026-06-07,5,20,36,39,46,48
2026-06-07,1,20,31,36,40,46
2026-06-07,4,7,19,38,45,46
2026-06-07,30,32,35,38,44,45
2026-06-08,10,16,32,37,42,48
2026-06-08,7,35,36,41,42,43
2026-06-08,14,17,22,41,46,48
2026-06-08,3,9,27,41,42,47
2026-06-09,3,22,32,40,43,47
2026-06-09,5,8,12,16,29,34
2026-06-09,18,23,27,36,40,41
2026-06-09,1,3,32,36,45,49
2026-06-10,6,7,25,30,41,45
2026-06-10,8,13,19,23,33,44
2026-06-10,4,6,10,26,35,39
2026-06-10,21,23,29,41,42,45
2026-06-11,1,5,16,34,44,49
2026-06-11,12,29,30,31,32,33
2026-06-11,1,14,28,30,31,40
2026-06-11,14,20,21,36,40,44
2026-06-12,1,6,8,31,41,46
2026-06-12,4,12,22,31,45,47
2026-06-12,2,4,11,20,23,32
2026-06-12,3,5,18,19,27,37
2026-06-13,3,27,33,39,40,49
2026-06-13,5,14,21,23,27,35
2026-06-13,2,7,17,21,29,39
2026-06-13,8,10,21,31,32,49
2026-06-14,4,13,21,29,33,45
2026-06-14,14,16,19,21,34,45
2026-06-14,6,13,14,17,24,27
2026-06-14,7,8,16,22,26,40
2026-06-15,12,14,24,30,42,48
2026-06-15,13,17,24,30,39,46
2026-06-15,18,31,38,40,41,44
2026-06-15,12,25,28,32,33,34
2026-06-16,8,12,16,29,46,49
2026-06-16,7,8,16,25,31,45
2026-06-16,4,10,15,29,37,40
2026-06-16,2,16,17,24,36,48
2026-06-17,2,5,10,12,17,25
2026-06-17,7,16,24,38,43,49
2026-06-17,9,17,25,30,33,43
2026-06-17,11,20,21,27,30,41
2026-06-18,4,20,31,42,43,47
2026-06-18,3,15,26,28,32,38
2026-06-18,4,15,22,25,31,40
2026-06-18,9,12,19,33,36,48
2026-06-19,9,11,15,29,31,45
2026-06-19,6,7,16,31,38,43
2026-06-19,6,16,21,35,38,41
2026-06-19,16,24,25,28,29,42
2026-06-20,2,9,12,20,31,34
2026-06-20,5,11,28,41,44,47
2026-06-20,1,16,20,28,29,49
2026-06-20,17,22,23,25,28,38
2026-06-21,1,5,9,22,28,33
2026-06-21,5,9,15,30,41,46
2026-06-21,20,21,31,40,47,49
2026-06-21,15,22,24,25,42,49
2026-06-22,3,7,14,31,32,48
2026-06-22,10,20,28,36,44,48
2026-06-22,8,10,36,41,43,49
2026-06-22,2,5,11,14,30,46
2026-06-23,4,6,8,25,30,35
2026-06-23,1,3,7,14,24,38
2026-06-23,22,32,36,40,45,48
2026-06-23,13,14,15,36,42,45
2026-06-24,15,27,30,35,36,48
2026-06-24,9,11,23,29,38,43
2026-06-24,5,6,8,25,30,31
2026-06-24,3,7,16,23,34,39
2026-06-25,20,32,38,40,44,47
2026-06-25,13,17,21,23,24,28
2026-06-25,12,14,19,21,26,31
2026-06-25,2,5,8,35,37,41
2026-06-26,9,17,29,33,37,38
2026-06-26,6,9,18,26,35,39
2026-06-26,8,10,25,34,38,42
2026-06-26,3,12,16,27,29,48
2026-06-27,3,7,13,14,19,22
2026-06-27,3,7,8,10,24,47
2026-06-27,3,9,17,20,32,33
2026-06-27,29,30,32,39,42,47
2026-06-28,2,9,12,13,14,48
2026-06-28,6,7,11,20,23,35
2026-06-28,4,20,21,26,42,44
2026-06-28,1,2,13,15,31,42
2026-06-29,9,17,18,28,44,45
2026-06-29,2,6,21,22,41,46
2026-06-29,20,27,32,34,35,47
2026-06-29,14,15,22,35,46,47
2026-06-30,3,4,17,24,38,42
2026-06-30,9,11,19,37,39,46
2026-06-30,2,4,12,22,33,38
2026-06-30,4,7,23,32,46,48
2026-07-01,6,12,24,26,41,49
2026-07-01,11,12,16,29,30,36
2026-07-01,12,21,33,42,44,46
2026-07-01,1,6,7,20,24,25
2026-07-02,3,12,23,34,43,45
2026-07-02,12,18,20,21,22,46
2026-07-02,9,20,29,33,38,39
2026-07-02,6,20,26,40,42,48
2026-07-03,7,14,30,34,42,49
2026-07-03,18,29,35,39,40,44
2026-07-03,6,10,12,13,34,47
2026-07-03,1,37,38,42,46,48
2026-07-04,10,11,14,26,27,47
2026-07-04,1,5,23,33,39,45
2026-07-04,18,25,28,31,33,35
2026-07-04,13,16,20,23,29,39
2026-07-05,1,4,6,11,40,41
2026-07-05,15,17,29,30,32,36
2026-07-05,2,4,12,29,32,48
2026-07-05,21,33,37,38,46,49
2026-07-06,4,19,26,28,29,38
2026-07-06,5,10,19,20,45,49
2026-07-06,13,24,33,39,43,45
2026-07-06,6,8,10,13,16,17
2026-07-07,3,8,11,23,47,49
2026-07-07,8,16,23,24,31,32
2026-07-07,3,12,24,37,42,46
2026-07-07,7,25,40,43,44,48
2026-07-08,14,21,25,28,34,47
2026-07-08,7,14,19,30,34,40
2026-07-08,6,11,24,29,35,43
2026-07-08,12,13,14,18,20,37
2026-07-09,15,20,24,27,37,43
2026-07-09,3,14,18,21,27,46
2026-07-09,22,25,26,34,36,41
2026-07-09,6,15,24,31,38,48
2026-07-10,1,7,24,34,42,49
2026-07-10,18,22,28,32,48,49
2026-07-10,27,28,38,39,44,49
2026-07-10,17,23,28,31,37,47
2026-07-11,8,20,29,34,46,47
2026-07-11,10,20,22,40,45,48
2026-07-11,3,10,20,33,35,47
2026-07-11,8,12,22,34,38,48
2026-07-12,4,6,17,41,43,45
2026-07-12,5,15,17,18,41,43
2026-07-12,5,8,17,38,40,44
2026-07-12,1,4,5,34,37,42
2026-07-13,6,8,12,13,18,19
2026-07-13,8,17,18,26,34,35
2026-07-13,1,4,11,13,20,45
2026-07-13,24,27,31,39,40,44
2026-07-14,3,19,23,24,36,38
2026-07-14,3,14,20,25,35,43
2026-07-14,2,13,19,28,36,47
2026-07-14,9,14,17,22,32,38
2026-07-15,3,10,23,26,42,45
2026-07-15,14,22,26,28,42,44
2026-07-15,5,17,34,38,39,45
2026-07-15,1,13,24,26,37,41
2026-07-16,14,23,28,30,32,46
2026-07-16,15,28,38,40,44,45
2026-07-16,15,20,27,42,43,48
2026-07-16,17,21,31,36,37,46
2026-07-17,10,22,30,35,44,47
2026-07-17,15,27,29,35,38,45
2026-07-17,2,9,32,39,46,47
2026-07-17,1,11,14,19,23,43
2026-07-18,11,19,21,23,44,49
2026-07-18,23,25,31,34,38,41
2026-07-18,14,17,19,25,27,48
2026-07-18,10,15,23,37,43,49
2026-07-19,11,14,31,36,41,45
2026-07-19,4,8,17,23,24,46
2026-07-19,2,3,8,10,38,44
2026-07-19,4,13,18,19,22,32
2026-07-20,12,17,26,27,29,33
2026-07-20,8,11,24,26,43,47
2026-07-20,14,23,39,44,45,47
2026-07-20,12,15,22,33,35,45
2026-07-21,10,15,17,19,29,30
2026-07-21,3,6,11,22,41,48
2026-07-21,10,19,25,30,34,36
2026-07-21,15,24,35,41,42,45
2026-07-22,1,8,12,13,14,30
2026-07-22,14,19,20,33,36,41
2026-07-22,3,12,15,21,42,48
2026-07-22,2,5,19,24,28,46
2026-07-23,1,9,11,17,20,26
2026-07-23,1,15,19,28,40,45
2026-07-23,5,13,18,20,31,40
2026-07-23,13,31,34,45,46,48
2026-07-24,9,30,31,32,39,48
2026-07-24,10,12,16,24,26,38
2026-07-24,2,6,9,29,32,47
2026-07-24,2,5,7,16,17,25
2026-07-25,8,29,31,37,39,46
2026-07-25,7,18,27,28,35,37
2026-07-25,12,21,27,42,44,49
2026-07-25,19,20,21,24,34,48
2026-07-26,3,26,27,28,35,37
2026-07-26,8,10,23,37,44,45
2026-07-26,9,17,24,25,30,39
2026-07-26,2,3,15,22,37,45
2026-07-27,3,9,11,14,31,45
2026-07-27,24,27,28,34,44,45
2026-07-27,3,10,36,43,45,49
2026-07-27,3,8,9,11,19,37
2026-07-28,2,17,31,35,39,42
2026-07-28,17,21,31,34,35,40
2026-07-28,1,10,17,28,41,46
2026-07-28,3,16,17,30,38,42
2026-07-29,6,18,21,29,31,36
2026-07-29,3,16,19,22,26,42
2026-07-29,6,23,24,28,40,42
2026-07-29,2,5,20,25,33,48
2026-07-30,6,13,14,16,26,39
2026-07-30,15,18,27,35,41,45
2026-07-30,1,6,13,29,36,37
2026-07-30,2,7,20,22,25,36
2026-07-31,3,6,10,11,17,24
2026-07-31,12,17,26,30,38,47
2026-07-31,1,2,9,17,21,35
2026-07-31,12,18,23,27,31,42
2026-08-01,7,13,14,17,25,27
2026-08-01,13,22,23,27,29,46
2026-08-01,2,5,6,29,31,39
2026-08-01,1,10,16,17,28,49
2026-08-02,2,17,30,40,44,46
2026-08-02,6,7,21,26,29,39
2026-08-02,4,15,31,37,47,48
2026-08-02,27,32,34,35,36,39
2026-08-03,1,18,25,35,37,46
2026-08-03,6,12,20,24,26,48
2026-08-03,8,9,22,33,39,45
2026-08-03,9,16,24,38,40,48
2026-08-04,1,5,6,11,13,29
2026-08-04,3,16,23,33,36,38
2026-08-04,3,13,36,42,47,48
2026-08-04,3,25,36,38,48,49
2026-08-05,2,4,5,26,39,46
2026-08-05,14,16,38,40,43,47
2026-08-05,11,13,17,34,36,49
2026-08-05,11,22,32,37,47,49
2026-08-06,13,16,18,23,27,34
2026-08-06,6,14,19,34,44,46
2026-08-06,32,35,38,43,44,48
2026-08-06,15,16,17,34,40,48
2026-08-07,15,18,24,29,38,40
2026-08-07,7,11,22,24,44,46
2026-08-07,11,16,24,30,33,41
2026-08-07,1,5,9,11,38,41
2026-08-08,1,5,12,14,37,44
2026-08-08,2,8,18,21,28,32
2026-08-08,5,6,10,17,18,23
2026-08-08,3,19,22,29,34,47
2026-08-09,2,18,25,43,46,49
2026-08-09,2,25,28,31,48,49
2026-08-09,11,23,26,27,35,48
2026-08-09,7,9,14,16,21,46
2026-08-10,12,16,20,22,23,49
2026-08-10,11,12,13,15,16,48
2026-08-10,1,3,26,28,40,45
2026-08-10,23,24,30,33,40,45
2026-08-11,2,21,29,40,44,45
2026-08-11,16,17,22,24,39,45
2026-08-11,4,5,17,21,22,38
2026-08-11,9,16,28,34,36,49
2026-08-12,5,7,9,15,37,43
2026-08-12,3,10,17,23,26,32
2026-08-12,7,10,20,29,31,43
2026-08-12,3,5,23,24,29,41
2026-08-13,4,21,32,37,38,39
2026-08-13,10,17,21,30,33,35
2026-08-13,1,9,11,20,24,44
2026-08-13,11,14,21,30,41,43
2026-08-14,5,11,17,31,33,34
2026-08-14,7,9,15,17,38,43
2026-08-14,14,17,30,34,36,38
2026-08-14,6,17,24,32,36,47
2026-08-15,19,20,25,27,29,41
2026-08-15,3,5,6,8,33,38
2026-08-15,10,11,12,21,22,35
2026-08-15,24,26,35,36,42,45
2026-08-16,2,9,12,14,30,38
2026-08-16,2,21,26,29,32,45
2026-08-16,18,22,23,24,25,47
2026-08-16,5,10,13,21,29,37
2026-08-17,14,19,31,35,41,48
2026-08-17,7,17,27,35,38,44
2026-08-17,11,19,28,30,37,45
2026-08-17,10,19,33,34,40,45
2026-08-18,4,27,28,31,35,39
2026-08-18,1,6,11,30,38,46
2026-08-18,14,16,22,36,38,49
2026-08-18,5,9,25,27,37,47
2026-08-19,12,19,21,24,33,47
2026-08-19,5,7,14,20,36,43
2026-08-19,4,5,16,19,39,48
2026-08-19,10,18,28,30,33,47
2026-08-20,12,15,24,26,40,42
2026-08-20,5,9,19,32,36,46
2026-08-20,4,5,6,7,28,39
2026-08-20,3,5,6,31,45,47
2026-08-21,2,3,5,13,27,32
2026-08-21,9,10,27,30,33,37
2026-08-21,2,16,24,31,32,38
2026-08-21,2,9,13,20,25,43
2026-08-22,5,14,20,31,33,43
2026-08-22,2,3,9,20,30,44
2026-08-22,16,17,23,24,42,47
2026-08-22,6,8,19,32,34,48
2026-08-23,12,13,15,24,29,33
2026-08-23,3,12,19,25,29,30
2026-08-23,8,10,26,28,38,40
2026-08-23,3,5,16,29,31,38
2026-08-24,7,9,20,31,42,47
2026-08-24,8,12,15,21,24,46
2026-08-24,3,11,22,23,24,31
2026-08-24,7,11,16,27,30,36
2026-08-25,2,6,32,33,35,39
2026-08-25,20,28,31,33,37,47
2026-08-25,1,11,26,29,30,42
2026-08-25,1,17,29,34,42,46
2026-08-26,4,20,21,28,35,38
2026-08-26,1,12,20,27,47,49
2026-08-26,10,16,18,24,38,39
2026-08-26,8,11,17,24,36,47
2026-08-28,2,5,17,21,29,43
2026-08-28,2,25,31,35,40,43
2026-08-28,19,21,23,28,32,40
2026-08-28,14,16,20,34,35,44
2026-08-29,14,15,16,17,24,45
2026-08-29,4,20,22,23,24,41
2026-08-29,16,17,19,31,42,45
2026-08-29,2,12,22,24,31,33
2026-08-30,15,16,27,34,35,47
2026-08-30,13,28,29,34,39,48
2026-08-30,9,20,30,40,42,47
2026-08-30,28,29,31,33,40,48
2026-08-31,8,17,22,31,43,44
2026-08-31,22,27,32,37,45,46
2026-08-31,1,4,6,24,27,39
2026-08-31,16,33,34,41,46,48
2026-09-01,6,12,27,37,42,43
2026-09-01,3,11,13,26,34,37
2026-09-01,14,19,24,25,30,33
2026-09-01,5,12,16,18,21,40
2026-09-02,10,18,28,38,41,42
2026-09-02,10,16,23,32,33,44
2026-09-02,21,27,28,34,40,42
2026-09-02,22,25,28,30,45,46
2026-09-03,7,13,19,21,42,45
2026-09-03,2,11,24,37,42,49
2026-09-03,3,14,33,35,36,45
2026-09-03,7,8,12,17,25,36
2026-09-04,2,6,20,24,34,39
2026-09-04,5,9,36,39,42,47
2026-09-04,2,7,9,28,33,40
2026-09-04,12,17,19,22,25,27
2026-09-05,14,20,23,36,37,38
2026-09-05,5,8,9,19,34,46
2026-09-05,11,12,21,27,37,39
2026-09-05,6,11,17,18,25,47
2026-09-06,10,13,16,21,35,37
2026-09-06,10,13,19,21,23,46
2026-09-06,2,11,12,31,36,38
2026-09-06,2,10,15,37,46,48
2026-09-07,1,9,17,36,44,45
2026-09-07,10,14,26,33,36,42
2026-09-07,4,10,15,25,41,48
2026-09-07,1,4,34,36,46,48
2026-09-08,1,15,16,29,33,37
2026-09-08,2,11,13,23,36,38
2026-09-08,2,22,35,36,37,41
2026-09-08,7,9,22,30,38,47
2026-09-09,5,12,14,20,25,45
2026-09-09,13,14,21,29,40,43
2026-09-09,7,9,13,17,35,38
2026-09-09,12,13,36,42,44,47
2026-09-10,6,10,30,37,38,41
2026-09-10,1,2,6,13,40,44
2026-09-10,6,8,9,14,29,39
2026-09-10,7,28,29,30,35,46
